<?xml version="1.0" encoding="utf-16"?>
<ArrayOfCustomServiceGroup xmlns:xsd="http://www.w3.org/2001/XMLSchema" xmlns:xsi="http://www.w3.org/2001/XMLSchema-instance">
  <CustomServiceGroup>
    <Identity>
      <Id>E4F9C147E56847F59B14276EE7F4C81E</Id>
      <Name>D365CE Connector Service Group</Name>
    </Identity>
    <DesignTimeType>10009</DesignTimeType>
    <Category>
      <Id>E5EC21D22FE44AD0A037EF502836D380</Id>
      <AutomaticallyPopulate>true</AutomaticallyPopulate>
      <Name />
    </Category>
    <LastModifiedDate>2021-08-25T18:04:41.57</LastModifiedDate>
    <LastModifiedBy>
      <Id>4EFFC98F46854ABFA36177A564100FD0</Id>
      <AutomaticallyPopulate>true</AutomaticallyPopulate>
      <ResourceType>Worker</ResourceType>
      <EmailAddress />
      <UserId />
      <ManagerialLevel>0</ManagerialLevel>
    </LastModifiedBy>
  </CustomServiceGroup>
  <CustomServiceGroup>
    <Identity>
      <Id>137CF5644D0C47378D7C48E67BF5B754</Id>
      <Name>Resistant AI</Name>
    </Identity>
    <DesignTimeType>10010</DesignTimeType>
    <Category>
      <Id>CB701CC0DB5E4B0FA23973BAF35AEC18</Id>
      <AutomaticallyPopulate>true</AutomaticallyPopulate>
      <Name />
    </Category>
    <LastModifiedDate>2021-08-25T16:58:51.01</LastModifiedDate>
    <LastModifiedBy>
      <Id>2C90EEF0FEC5474AA18CFC3B931EDF1B</Id>
      <AutomaticallyPopulate>true</AutomaticallyPopulate>
      <ResourceType>Worker</ResourceType>
      <EmailAddress />
      <UserId />
      <ManagerialLevel>0</ManagerialLevel>
    </LastModifiedBy>
  </CustomServiceGroup>
</ArrayOfCustomServiceGroup>