<?xml version="1.0" encoding="utf-16"?>
<ArrayOfProjectInfo xmlns:xsd="http://www.w3.org/2001/XMLSchema" xmlns:xsi="http://www.w3.org/2001/XMLSchema-instance">
  <ProjectInfo>
    <Identity>
      <Id>C866CF4286EC370507832C08A4C11887</Id>
      <Version>2</Version>
      <Name>D365CE Case Form Classification Group</Name>
    </Identity>
    <Category>
      <Id>E5EC21D22FE44AD0A037EF502836D380</Id>
      <AutomaticallyPopulate>true</AutomaticallyPopulate>
      <Name>D365CE Connector</Name>
    </Category>
    <Name>D365CE Case Form Classification Group</Name>
    <Description />
    <Status>Released</Status>
    <LastModifiedProjectFile>2021-11-03T20:10:38.07</LastModifiedProjectFile>
    <LastModifiedProjectFolderZip>0001-01-01T00:00:00</LastModifiedProjectFolderZip>
    <LastModifiedUser>
      <Id>4EFFC98F46854ABFA36177A564100FD0</Id>
      <AutomaticallyPopulate>true</AutomaticallyPopulate>
      <Name />
      <ResourceType>Worker</ResourceType>
      <EmailAddress />
      <UserId />
      <ManagerialLevel>0</ManagerialLevel>
    </LastModifiedUser>
    <OnlineLearningFolderId />
    <ProjectType>ClassificationGroup</ProjectType>
    <IsOnlineLearningEnabled>false</IsOnlineLearningEnabled>
    <IsSeparationEnabled>false</IsSeparationEnabled>
    <LockedByModule>None</LockedByModule>
    <IsSimpleProject>false</IsSimpleProject>
    <TrainingSetPath />
    <UsedLicenseFeatures>None</UsedLicenseFeatures>
    <IsReadOnly>false</IsReadOnly>
    <DoUpgrade>false</DoUpgrade>
    <CustomVersion>0</CustomVersion>
    <IsLimitedToOnlineLearning>false</IsLimitedToOnlineLearning>
    <IsCaptureSolutionProject>false</IsCaptureSolutionProject>
    <QuickClassificationBaseDocTypeId />
    <SourceControlStatus>NotInSourceControl</SourceControlStatus>
  </ProjectInfo>
  <ProjectInfo>
    <Identity>
      <Id>E1B587993FF7E9FE66704614FF0EDF5E</Id>
      <Version>1</Version>
      <Name>Case Forms</Name>
    </Identity>
    <Category>
      <Id>E5EC21D22FE44AD0A037EF502836D380</Id>
      <AutomaticallyPopulate>true</AutomaticallyPopulate>
      <Name>D365CE Connector</Name>
    </Category>
    <Name>Case Forms</Name>
    <Description />
    <Status>Released</Status>
    <LastModifiedProjectFile>2021-08-20T19:33:50.51</LastModifiedProjectFile>
    <LastModifiedProjectFolderZip>0001-01-01T00:00:00</LastModifiedProjectFolderZip>
    <LastModifiedUser>
      <Id>4EFFC98F46854ABFA36177A564100FD0</Id>
      <AutomaticallyPopulate>true</AutomaticallyPopulate>
      <Name />
      <ResourceType>Worker</ResourceType>
      <EmailAddress />
      <UserId />
      <ManagerialLevel>0</ManagerialLevel>
    </LastModifiedUser>
    <OnlineLearningFolderId />
    <ProjectType>DocumentGroup</ProjectType>
    <IsOnlineLearningEnabled>false</IsOnlineLearningEnabled>
    <IsSeparationEnabled>false</IsSeparationEnabled>
    <LockedByModule>None</LockedByModule>
    <IsSimpleProject>false</IsSimpleProject>
    <TrainingSetPath />
    <UsedLicenseFeatures>None</UsedLicenseFeatures>
    <IsReadOnly>false</IsReadOnly>
    <DoUpgrade>false</DoUpgrade>
    <CustomVersion>0</CustomVersion>
    <IsLimitedToOnlineLearning>false</IsLimitedToOnlineLearning>
    <IsCaptureSolutionProject>false</IsCaptureSolutionProject>
    <QuickClassificationBaseDocTypeId />
    <SourceControlStatus>NotInSourceControl</SourceControlStatus>
  </ProjectInfo>
</ArrayOfProjectInfo>