<?xml version="1.0" encoding="utf-16"?>
<Query xmlns:xsd="http://www.w3.org/2001/XMLSchema" xmlns:xsi="http://www.w3.org/2001/XMLSchema-instance">
  <Identity>
    <Id>3C9245F2376C233A38D52B6D47231AE3</Id>
    <Name>Resistant AI Jobs</Name>
    <QueryType>All</QueryType>
  </Identity>
  <QueryInfo>
    <Identity>
      <Id>3C9245F2376C233A38D52B6D47231AE3</Id>
      <Name>Resistant AI Jobs</Name>
      <QueryType>All</QueryType>
    </Identity>
    <QueryType>JobList</QueryType>
  </QueryInfo>
  <QueryType>JobList</QueryType>
  <Category>
    <Id>EE3E6CC9049D4EE0BCD444A26C1EF452</Id>
    <AutomaticallyPopulate>true</AutomaticallyPopulate>
    <Name>Resistant AI</Name>
  </Category>
  <Owner>
    <Id>2C90EEF0FEC5474AA18CFC3B931EDF1B</Id>
    <AutomaticallyPopulate>true</AutomaticallyPopulate>
    <Name />
    <ResourceType>Worker</ResourceType>
    <EmailAddress />
    <UserId />
    <ManagerialLevel>0</ManagerialLevel>
  </Owner>
  <Data>
    <Columns>
      <string>JobSLA</string>
      <string>ProcessName</string>
      <string>ExpectedDuration</string>
      <string>Creator</string>
      <string>Priority</string>
      <string>Status</string>
      <string>Version</string>
      <string>Actions</string>
    </Columns>
    <JobFilter>
      <UseLiveDB>true</UseLiveDB>
      <DatabaseConnectionType>Live</DatabaseConnectionType>
      <Id />
      <SubJobId />
      <Case>
        <AutomaticallyPopulate>true</AutomaticallyPopulate>
        <CaseReference />
        <CaseId />
        <Version>0</Version>
        <BusinessProcessSettingsXmlString />
      </Case>
      <StartTimeFrom xsi:nil="true" />
      <StartTimeTo xsi:nil="true" />
      <FinishTimeFrom xsi:nil="true" />
      <FinishTimeTo xsi:nil="true" />
      <Creator>
        <Id />
        <AutomaticallyPopulate>true</AutomaticallyPopulate>
        <Name />
        <ResourceType>Worker</ResourceType>
        <EmailAddress />
        <UserId />
        <ManagerialLevel>0</ManagerialLevel>
      </Creator>
      <IsWorkerResource>false</IsWorkerResource>
      <Process>
        <Id />
        <AutomaticallyPopulate>true</AutomaticallyPopulate>
        <Version>0</Version>
        <Name />
      </Process>
      <JobStatus>Active</JobStatus>
      <OriginServer>
        <Id />
        <AutomaticallyPopulate>true</AutomaticallyPopulate>
        <Name />
      </OriginServer>
      <MaxNumberToRetrieve>100</MaxNumberToRetrieve>
      <Category>
        <Id>EE3E6CC9049D4EE0BCD444A26C1EF452</Id>
        <AutomaticallyPopulate>true</AutomaticallyPopulate>
        <Name>Resistant AI</Name>
      </Category>
      <SearchInSubcategories>false</SearchInSubcategories>
      <UseJobPriority>false</UseJobPriority>
      <JobPriority>0</JobPriority>
      <DueDateFrom xsi:nil="true" />
      <DueDateTo xsi:nil="true" />
      <WorkQueueDefinition>
        <Identity>
          <Id />
          <AutomaticallyPopulate>true</AutomaticallyPopulate>
          <Name />
          <LastModifiedOn>0001-01-01T00:00:00</LastModifiedOn>
        </Identity>
        <Id />
        <Name />
        <Fields />
        <LastModifiedOn>0001-01-01T00:00:00</LastModifiedOn>
      </WorkQueueDefinition>
      <FieldFilter>
        <FilterOperator>And</FilterOperator>
        <Filter />
      </FieldFilter>
      <JobOwner>
        <Id />
        <AutomaticallyPopulate>true</AutomaticallyPopulate>
        <Name />
        <ResourceType>Worker</ResourceType>
        <EmailAddress />
        <UserId />
        <ManagerialLevel>0</ManagerialLevel>
      </JobOwner>
      <UseJobType>false</UseJobType>
      <JobType>NormalJob</JobType>
      <ReturnPriority>false</ReturnPriority>
      <ReturnAdvancedJobDetails>false</ReturnAdvancedJobDetails>
      <ReturnExtraSlaData>false</ReturnExtraSlaData>
      <ReturnDueDate>true</ReturnDueDate>
      <ReturnTotalJobCount>false</ReturnTotalJobCount>
      <MaxWQFieldCount>0</MaxWQFieldCount>
      <OnlyReturnNonArchivedJobs>false</OnlyReturnNonArchivedJobs>
      <ReturnOwnerDetails>false</ReturnOwnerDetails>
      <ReturnNullForFinishedTime>false</ReturnNullForFinishedTime>
      <JobViewAccess>false</JobViewAccess>
      <UseJobStatus>false</UseJobStatus>
      <JobStatusFilter>JobCriteriaActive</JobStatusFilter>
      <UseScoreFilter>false</UseScoreFilter>
      <ScoreFilter>
        <ScoreOperator>And</ScoreOperator>
        <Filter />
      </ScoreFilter>
      <ReturnScore>true</ReturnScore>
      <IsOracle>false</IsOracle>
      <JobIdsFilter />
      <ExcludedVersion>0</ExcludedVersion>
      <SimulationId />
      <Variables />
      <UseJobSla>false</UseJobSla>
      <JobSla>SlaStatus1</JobSla>
      <CreatorFilter>None</CreatorFilter>
      <JobOwnerFilter>None</JobOwnerFilter>
      <StartTimeType>All</StartTimeType>
      <FinishTimeType>All</FinishTimeType>
      <DueDateFilterType>All</DueDateFilterType>
      <UseProcessName>false</UseProcessName>
      <GetQueryJobsCount>false</GetQueryJobsCount>
      <SortOptions>
        <JobSortOptions>
          <JobField>
            <FieldType>ExpectedFinishTime</FieldType>
            <MetaDataFieldName />
          </JobField>
          <SortOrder>Ascending</SortOrder>
        </JobSortOptions>
      </SortOptions>
      <ReturnStatePercentage>true</ReturnStatePercentage>
      <StartTimeFromExpression />
      <StartTimeToExpression />
      <FinishTimeFromExpression />
      <FinishTimeToExpression />
      <DueDateFromExpression />
      <DueDateToExpression />
    </JobFilter>
    <ReturnQueryTotal>true</ReturnQueryTotal>
    <UseActivitySLABarImage>true</UseActivitySLABarImage>
    <UseJobSLABarImage>true</UseJobSLABarImage>
    <ColumnsSettings>
      <QueryColumn>
        <Width>70</Width>
        <Name>JobSLA</Name>
        <DateFormat>DateAndTime</DateFormat>
      </QueryColumn>
      <QueryColumn>
        <Width>280</Width>
        <Name>ProcessName</Name>
        <DateFormat>DateAndTime</DateFormat>
      </QueryColumn>
      <QueryColumn>
        <Width>280</Width>
        <Name>ExpectedDuration</Name>
        <DateFormat>DateAndTime</DateFormat>
      </QueryColumn>
      <QueryColumn>
        <Width>280</Width>
        <Name>Creator</Name>
        <DateFormat>DateAndTime</DateFormat>
      </QueryColumn>
      <QueryColumn>
        <Width>70</Width>
        <Name>Priority</Name>
        <DateFormat>DateAndTime</DateFormat>
      </QueryColumn>
      <QueryColumn>
        <Width>284</Width>
        <Name>Status</Name>
        <DateFormat>DateAndTime</DateFormat>
      </QueryColumn>
      <QueryColumn>
        <Width>50</Width>
        <Name>Version</Name>
        <DateFormat>DateAndTime</DateFormat>
      </QueryColumn>
      <QueryColumn>
        <Width>140</Width>
        <Name>Actions</Name>
        <DateFormat>DateAndTime</DateFormat>
      </QueryColumn>
      <QueryColumn>
        <Width>200</Width>
        <Name>JobID</Name>
        <DateFormat>DateAndTime</DateFormat>
      </QueryColumn>
      <QueryColumn>
        <Width>200</Width>
        <Name>CreationTime</Name>
        <DateFormat>DateAndTime</DateFormat>
      </QueryColumn>
      <QueryColumn>
        <Width>100</Width>
        <Name>State</Name>
        <DateFormat>DateAndTime</DateFormat>
      </QueryColumn>
      <QueryColumn>
        <Width>300</Width>
        <Name>SuportingInfo</Name>
        <DateFormat>DateAndTime</DateFormat>
      </QueryColumn>
      <QueryColumn>
        <Width>200</Width>
        <Name>Owner</Name>
        <DateFormat>DateAndTime</DateFormat>
      </QueryColumn>
      <QueryColumn>
        <Width>200</Width>
        <Name>CompletionTime</Name>
        <DateFormat>DateAndTime</DateFormat>
      </QueryColumn>
      <QueryColumn>
        <Width>200</Width>
        <Name>CaseReference</Name>
        <DateFormat>DateAndTime</DateFormat>
      </QueryColumn>
      <QueryColumn>
        <Width>50</Width>
        <Name>StatePercentage</Name>
        <DateFormat>DateAndTime</DateFormat>
      </QueryColumn>
      <QueryColumn>
        <Width>100</Width>
        <Name>Type</Name>
        <DateFormat>DateAndTime</DateFormat>
      </QueryColumn>
      <QueryColumn>
        <Width>50</Width>
        <Name>Score</Name>
        <DateFormat>DateAndTime</DateFormat>
      </QueryColumn>
      <QueryColumn>
        <Width>100</Width>
        <Name>StartDate</Name>
        <DateFormat>Date</DateFormat>
      </QueryColumn>
      <QueryColumn>
        <Width>100</Width>
        <Name>SuspendReason</Name>
        <DateFormat>DateAndTime</DateFormat>
      </QueryColumn>
    </ColumnsSettings>
  </Data>
  <SharedResources />
  <LastModifiedBy>
    <Id>2C90EEF0FEC5474AA18CFC3B931EDF1B</Id>
    <AutomaticallyPopulate>true</AutomaticallyPopulate>
    <ResourceType>Worker</ResourceType>
    <EmailAddress />
    <UserId />
    <ManagerialLevel>0</ManagerialLevel>
  </LastModifiedBy>
  <LastModifiedDate>2021-09-21T19:41:32.85</LastModifiedDate>
  <ResourcePermissions>
    <ResourcePermission>
      <ResourceIdentity>
        <Id>2C90EEF0FEC5474AA18CFC3B931EDF1B</Id>
        <AutomaticallyPopulate>true</AutomaticallyPopulate>
        <Name>Tom Coppock</Name>
        <ResourceType>Worker</ResourceType>
        <EmailAddress />
        <UserId />
        <ManagerialLevel>0</ManagerialLevel>
      </ResourceIdentity>
      <PermissionType>FullControl</PermissionType>
    </ResourcePermission>
    <ResourcePermission>
      <ResourceIdentity>
        <Id>9B984CDAB78840AFAB5473929DE58918</Id>
        <AutomaticallyPopulate>true</AutomaticallyPopulate>
        <Name>Sales Engineers</Name>
        <ResourceType>GroupOfWorkers</ResourceType>
        <EmailAddress />
        <UserId />
        <ManagerialLevel>0</ManagerialLevel>
      </ResourceIdentity>
      <PermissionType>ReadOnly</PermissionType>
    </ResourcePermission>
    <ResourcePermission>
      <ResourceIdentity>
        <Id>E5814EDC4E704504933DE9B876DEE5D8</Id>
        <AutomaticallyPopulate>true</AutomaticallyPopulate>
        <Name>SE Administrators</Name>
        <ResourceType>GroupOfWorkers</ResourceType>
        <EmailAddress />
        <UserId />
        <ManagerialLevel>0</ManagerialLevel>
      </ResourceIdentity>
      <PermissionType>FullControl</PermissionType>
    </ResourcePermission>
  </ResourcePermissions>
  <ResourcePermissionType>FullControl</ResourcePermissionType>
</Query>