<?xml version="1.0" encoding="utf-16"?>
<ArrayOfCustomService xmlns:xsd="http://www.w3.org/2001/XMLSchema" xmlns:xsi="http://www.w3.org/2001/XMLSchema-instance">
  <CustomService>
    <Identity>
      <Id>025B8B0B20D7796F4DFE3BBF0B415DE7</Id>
      <Name>Get Display URL</Name>
      <Version>8</Version>
      <Group>
        <Id>137CF5644D0C47378D7C48E67BF5B754</Id>
        <Name>Resistant AI</Name>
      </Group>
    </Identity>
    <Category>
      <Id>CB701CC0DB5E4B0FA23973BAF35AEC18</Id>
      <AutomaticallyPopulate>true</AutomaticallyPopulate>
      <Name />
    </Category>
    <Data>
      <Owner />
      <Inputs>
        <ParameterDetails>
          <name>GEOGRAPHY_APAC</name>
          <type>11</type>
          <description>Geography_APAC</description>
          <errorCodeMappingType>Static</errorCodeMappingType>
        </ParameterDetails>
        <ParameterDetails>
          <name>SUBMISSIONID</name>
          <type>8</type>
          <description>SubmissionID</description>
          <errorCodeMappingType>Static</errorCodeMappingType>
        </ParameterDetails>
        <ParameterDetails>
          <name>RESPONSESCORE</name>
          <type>8</type>
          <description>ResponseScore</description>
          <errorCodeMappingType>Static</errorCodeMappingType>
        </ParameterDetails>
        <ParameterDetails>
          <name>DOC</name>
          <type>32760</type>
          <description>Doc</description>
          <errorCodeMappingType>Static</errorCodeMappingType>
        </ParameterDetails>
      </Inputs>
      <Outputs>
        <ParameterDetails>
          <name>DISPLAY_URL</name>
          <type>8</type>
          <description>Display_URL</description>
          <errorCodeMappingType>Static</errorCodeMappingType>
        </ParameterDetails>
        <ParameterDetails>
          <name>DOCNAME</name>
          <type>8</type>
          <description>DocName</description>
          <errorCodeMappingType>Static</errorCodeMappingType>
        </ParameterDetails>
        <ParameterDetails>
          <name>RESULT</name>
          <type>8</type>
          <description>Result</description>
          <errorCodeMappingType>Static</errorCodeMappingType>
        </ParameterDetails>
        <ParameterDetails>
          <name>RETURNMESSAGE</name>
          <type>8</type>
          <description>ReturnMessage</description>
          <errorCodeMappingType>Static</errorCodeMappingType>
        </ParameterDetails>
      </Outputs>
    </Data>
    <LastModifiedDate>2022-01-27T14:38:59.03</LastModifiedDate>
    <LastModifiedBy>
      <Id>87DD001C80BF4DC583434A8F9C3AE5B6</Id>
      <AutomaticallyPopulate>true</AutomaticallyPopulate>
      <ResourceType>Worker</ResourceType>
      <EmailAddress />
      <UserId />
      <ManagerialLevel>0</ManagerialLevel>
    </LastModifiedBy>
  </CustomService>
  <CustomService>
    <Identity>
      <Id>A02CC378BA3C3CA71C46CD258705D021</Id>
      <Name>D365CE Create Case Custom Service</Name>
      <Version>5</Version>
      <Group>
        <Id>E4F9C147E56847F59B14276EE7F4C81E</Id>
        <Name>D365CE Connector Service Group</Name>
      </Group>
    </Identity>
    <Category>
      <Id>E5EC21D22FE44AD0A037EF502836D380</Id>
      <AutomaticallyPopulate>true</AutomaticallyPopulate>
      <Name />
    </Category>
    <Data>
      <Owner />
      <Inputs>
        <ParameterDetails>
          <name>DIRECTORYTENANTID</name>
          <type>8</type>
          <description>directoryTenantId</description>
          <errorCodeMappingType>Static</errorCodeMappingType>
        </ParameterDetails>
        <ParameterDetails>
          <name>APPCLIENTID</name>
          <type>8</type>
          <description>appClientId</description>
          <errorCodeMappingType>Static</errorCodeMappingType>
        </ParameterDetails>
        <ParameterDetails>
          <name>CLIENTSECRETVALUE</name>
          <type>8</type>
          <description>clientSecretValue</description>
          <errorCodeMappingType>Static</errorCodeMappingType>
        </ParameterDetails>
        <ParameterDetails>
          <name>INSTANCEURL</name>
          <type>8</type>
          <description>instanceUrl</description>
          <errorCodeMappingType>Static</errorCodeMappingType>
        </ParameterDetails>
        <ParameterDetails>
          <name>ACCOUNTNAME</name>
          <type>8</type>
          <description>accountName</description>
          <errorCodeMappingType>Static</errorCodeMappingType>
        </ParameterDetails>
        <ParameterDetails>
          <name>CASETITLE</name>
          <type>8</type>
          <description>caseTitle</description>
          <errorCodeMappingType>Static</errorCodeMappingType>
        </ParameterDetails>
        <ParameterDetails>
          <name>CASEDESCRIPTION</name>
          <type>8</type>
          <description>caseDescription</description>
          <errorCodeMappingType>Static</errorCodeMappingType>
        </ParameterDetails>
      </Inputs>
      <Outputs>
        <ParameterDetails>
          <name>CREATECASESUCCESS</name>
          <type>11</type>
          <description>createCaseSuccess</description>
          <errorCodeMappingType>Static</errorCodeMappingType>
        </ParameterDetails>
      </Outputs>
    </Data>
    <LastModifiedDate>2021-08-26T14:46:49.083</LastModifiedDate>
    <LastModifiedBy>
      <Id>4EFFC98F46854ABFA36177A564100FD0</Id>
      <AutomaticallyPopulate>true</AutomaticallyPopulate>
      <ResourceType>Worker</ResourceType>
      <EmailAddress />
      <UserId />
      <ManagerialLevel>0</ManagerialLevel>
    </LastModifiedBy>
  </CustomService>
</ArrayOfCustomService>