<?xml version="1.0" encoding="utf-16"?>
<ArrayOfDocumentGroup xmlns:xsd="http://www.w3.org/2001/XMLSchema" xmlns:xsi="http://www.w3.org/2001/XMLSchema-instance">
  <DocumentGroup>
    <Identity>
      <Id>E1B587993FF7E9FE66704614FF0EDF5E</Id>
      <AutomaticallyPopulate>true</AutomaticallyPopulate>
      <Version>1</Version>
      <Name>Case Forms</Name>
    </Identity>
    <Name>Case Forms</Name>
    <Description />
    <Status>Released</Status>
    <IsShared>false</IsShared>
    <Category>
      <Id>E5EC21D22FE44AD0A037EF502836D380</Id>
      <AutomaticallyPopulate>true</AutomaticallyPopulate>
      <Name>D365CE Connector</Name>
    </Category>
    <DocumentTypes>
      <DocumentType>
        <Identity>
          <Id>6911073B76BADD5E6404A8D8D1CE45DC</Id>
          <Version>1</Version>
          <Name>My Case Form</Name>
        </Identity>
        <Name>My Case Form</Name>
        <Description />
        <Status>Released</Status>
        <FieldGroups>
          <FieldGroup>
            <Identity>
              <Id>42D21D374DC6409EE8C285514EBFCF50</Id>
            </Identity>
            <Name>Field Group 1</Name>
            <Fields>
              <CaptureField xsi:type="SimpleField">
                <Identity>
                  <Id>8027904883161F1E7F8DD9368F5A73F0</Id>
                  <Name />
                </Identity>
                <Name>AccountName</Name>
                <DisplayName>AccountName</DisplayName>
                <Description />
                <FieldType>Text</FieldType>
                <Validators />
                <Verification>
                  <IsVerificationDisplayField>false</IsVerificationDisplayField>
                  <VerificationMode>Confirm</VerificationMode>
                  <CanChangeFieldValue>true</CanChangeFieldValue>
                  <ShowFieldValueIfNoMatch>false</ShowFieldValueIfNoMatch>
                </Verification>
                <IsInherited>false</IsInherited>
                <RequireManualFieldConfirmation>false</RequireManualFieldConfirmation>
                <AlwaysValid>false</AlwaysValid>
                <IsOverridden>false</IsOverridden>
                <IsFormatterOverridden>false</IsFormatterOverridden>
                <MonitorForAutomaticOnlineLearning>false</MonitorForAutomaticOnlineLearning>
                <Editable>false</Editable>
                <IsOptional>false</IsOptional>
                <FormatterInputs />
                <FieldGroupName />
                <FieldGroupId />
                <ExcludeFromAnalytics>false</ExcludeFromAnalytics>
                <AllFieldChanges>false</AllFieldChanges>
                <MaskValueInAnalytics>false</MaskValueInAnalytics>
                <MaskImageForHiddenField>false</MaskImageForHiddenField>
                <IsPredefinedColumn>false</IsPredefinedColumn>
                <DefaultValue xsi:type="xsd:string" />
                <ChoiceItemsSource />
                <Lookup />
                <IsDefaultValueOverridden>false</IsDefaultValueOverridden>
              </CaptureField>
              <CaptureField xsi:type="SimpleField">
                <Identity>
                  <Id>6D4E0967F750413DAE5367CB9926BB82</Id>
                  <Name />
                </Identity>
                <Name>Title</Name>
                <DisplayName>Title</DisplayName>
                <Description />
                <FieldType>Text</FieldType>
                <Validators />
                <Verification>
                  <IsVerificationDisplayField>false</IsVerificationDisplayField>
                  <VerificationMode>Confirm</VerificationMode>
                  <CanChangeFieldValue>true</CanChangeFieldValue>
                  <ShowFieldValueIfNoMatch>false</ShowFieldValueIfNoMatch>
                </Verification>
                <IsInherited>false</IsInherited>
                <RequireManualFieldConfirmation>false</RequireManualFieldConfirmation>
                <AlwaysValid>false</AlwaysValid>
                <IsOverridden>false</IsOverridden>
                <IsFormatterOverridden>false</IsFormatterOverridden>
                <MonitorForAutomaticOnlineLearning>false</MonitorForAutomaticOnlineLearning>
                <Editable>false</Editable>
                <IsOptional>false</IsOptional>
                <FormatterInputs />
                <FieldGroupName />
                <FieldGroupId />
                <ExcludeFromAnalytics>false</ExcludeFromAnalytics>
                <AllFieldChanges>false</AllFieldChanges>
                <MaskValueInAnalytics>false</MaskValueInAnalytics>
                <MaskImageForHiddenField>false</MaskImageForHiddenField>
                <IsPredefinedColumn>false</IsPredefinedColumn>
                <DefaultValue xsi:type="xsd:string" />
                <ChoiceItemsSource />
                <Lookup />
                <IsDefaultValueOverridden>false</IsDefaultValueOverridden>
              </CaptureField>
              <CaptureField xsi:type="SimpleField">
                <Identity>
                  <Id>6E3D4DB752E7871FE221AB2A8076576B</Id>
                  <Name />
                </Identity>
                <Name>Description</Name>
                <DisplayName>Description</DisplayName>
                <Description />
                <FieldType>Text</FieldType>
                <Validators />
                <Verification>
                  <IsVerificationDisplayField>false</IsVerificationDisplayField>
                  <VerificationMode>Confirm</VerificationMode>
                  <CanChangeFieldValue>true</CanChangeFieldValue>
                  <ShowFieldValueIfNoMatch>false</ShowFieldValueIfNoMatch>
                </Verification>
                <IsInherited>false</IsInherited>
                <RequireManualFieldConfirmation>false</RequireManualFieldConfirmation>
                <AlwaysValid>false</AlwaysValid>
                <IsOverridden>false</IsOverridden>
                <IsFormatterOverridden>false</IsFormatterOverridden>
                <MonitorForAutomaticOnlineLearning>false</MonitorForAutomaticOnlineLearning>
                <Editable>false</Editable>
                <IsOptional>false</IsOptional>
                <FormatterInputs />
                <FieldGroupName />
                <FieldGroupId />
                <ExcludeFromAnalytics>false</ExcludeFromAnalytics>
                <AllFieldChanges>false</AllFieldChanges>
                <MaskValueInAnalytics>false</MaskValueInAnalytics>
                <MaskImageForHiddenField>false</MaskImageForHiddenField>
                <IsPredefinedColumn>false</IsPredefinedColumn>
                <DefaultValue xsi:type="xsd:string" />
                <ChoiceItemsSource />
                <Lookup />
                <IsDefaultValueOverridden>false</IsDefaultValueOverridden>
              </CaptureField>
            </Fields>
            <ResourceACL>
              <ResourceIdentity>
                <Id>7DF43CCDF24611D2804B00104B71BD15</Id>
                <AutomaticallyPopulate>true</AutomaticallyPopulate>
                <Name>Everyone</Name>
                <ResourceType>GroupOfWorkers</ResourceType>
                <EmailAddress />
                <UserId />
                <ManagerialLevel>0</ManagerialLevel>
              </ResourceIdentity>
            </ResourceACL>
            <ImageRedactionZones />
            <IsInherited>false</IsInherited>
            <MaskImageForHiddenFields>false</MaskImageForHiddenFields>
          </FieldGroup>
        </FieldGroups>
        <FieldValidators />
        <DocumentTypeValidator>
          <Identity>
            <Id />
            <Name />
          </Identity>
          <DocumentStandardValidator>
            <Identity>
              <Id />
              <Name />
            </Identity>
            <FailureMessage />
            <NumberOfPages>0</NumberOfPages>
            <PageCountLevel>Exactly</PageCountLevel>
          </DocumentStandardValidator>
          <DocumentValidators />
        </DocumentTypeValidator>
        <ParentDocumentType>
          <Id>D362F7E76B459593A69FFC6C94179BFD</Id>
          <Version>1</Version>
          <Name />
        </ParentDocumentType>
        <HasStandardValidator>false</HasStandardValidator>
        <PdfSettings>
          <Title />
          <SkipFirstPage>false</SkipFirstPage>
          <Subject />
          <Author />
          <Keywords />
          <Application />
          <Producer />
        </PdfSettings>
        <NameTemplate>[DocumentType]</NameTemplate>
        <OnlineLearningFolderId />
        <AutomaticOnlineLearningEnabled>false</AutomaticOnlineLearningEnabled>
        <Forms />
        <AvailableForManualClassification>true</AvailableForManualClassification>
        <TableFieldExportDelimiter>;</TableFieldExportDelimiter>
        <TemplateImage>
          <Id />
          <Name />
          <AssetType>Image</AssetType>
          <AutomaticallyPopulate>true</AutomaticallyPopulate>
          <StorageId>0</StorageId>
        </TemplateImage>
        <IsTemplateImageOverriden>false</IsTemplateImageOverriden>
        <MonitorForClassificationOnlineLearning>false</MonitorForClassificationOnlineLearning>
        <PostValidationHandler>
          <IsPostValidationHandlingEnabled>false</IsPostValidationHandlingEnabled>
          <ProcessIdentity>
            <Id />
            <AutomaticallyPopulate>true</AutomaticallyPopulate>
            <Version>0</Version>
            <Name />
          </ProcessIdentity>
        </PostValidationHandler>
        <IsPartial>false</IsPartial>
      </DocumentType>
      <DocumentType>
        <Identity>
          <Id>D362F7E76B459593A69FFC6C94179BFD</Id>
          <Version>1</Version>
          <Name />
        </Identity>
        <Name />
        <Description />
        <Status>Released</Status>
        <FieldGroups />
        <FieldValidators />
        <DocumentTypeValidator>
          <Identity>
            <Id />
            <Name />
          </Identity>
          <DocumentStandardValidator>
            <Identity>
              <Id />
              <Name />
            </Identity>
            <FailureMessage />
            <NumberOfPages>0</NumberOfPages>
            <PageCountLevel>Exactly</PageCountLevel>
          </DocumentStandardValidator>
          <DocumentValidators />
        </DocumentTypeValidator>
        <HasStandardValidator>false</HasStandardValidator>
        <PdfSettings>
          <Title />
          <SkipFirstPage>false</SkipFirstPage>
          <Subject />
          <Author />
          <Keywords />
          <Application />
          <Producer />
        </PdfSettings>
        <NameTemplate>[DocumentType]</NameTemplate>
        <OnlineLearningFolderId />
        <AutomaticOnlineLearningEnabled>false</AutomaticOnlineLearningEnabled>
        <Forms />
        <AvailableForManualClassification>true</AvailableForManualClassification>
        <TableFieldExportDelimiter>;</TableFieldExportDelimiter>
        <TemplateImage>
          <Id />
          <Name />
          <AssetType>Image</AssetType>
          <AutomaticallyPopulate>true</AutomaticallyPopulate>
          <StorageId>0</StorageId>
        </TemplateImage>
        <IsTemplateImageOverriden>false</IsTemplateImageOverriden>
        <MonitorForClassificationOnlineLearning>false</MonitorForClassificationOnlineLearning>
        <PostValidationHandler>
          <IsPostValidationHandlingEnabled>false</IsPostValidationHandlingEnabled>
          <ProcessIdentity>
            <Id />
            <AutomaticallyPopulate>true</AutomaticallyPopulate>
            <Version>0</Version>
            <Name />
          </ProcessIdentity>
        </PostValidationHandler>
        <IsPartial>false</IsPartial>
      </DocumentType>
    </DocumentTypes>
    <LastModifiedDate>2021-08-20T19:33:50.51</LastModifiedDate>
    <LastModifiedUser>
      <Id>4EFFC98F46854ABFA36177A564100FD0</Id>
      <AutomaticallyPopulate>true</AutomaticallyPopulate>
      <ResourceType>Worker</ResourceType>
      <EmailAddress />
      <UserId />
      <ManagerialLevel>0</ManagerialLevel>
    </LastModifiedUser>
    <LockedByModule>None</LockedByModule>
    <RootDocumentType>
      <Id>D362F7E76B459593A69FFC6C94179BFD</Id>
      <Version>1</Version>
      <Name />
    </RootDocumentType>
    <IsOnlineLearningEnabled>false</IsOnlineLearningEnabled>
    <OnlineLearningSettings>
      <OnlineLearningMaxNewSamples>2000</OnlineLearningMaxNewSamples>
      <IsAutomaticOnlineLearningEnabled>false</IsAutomaticOnlineLearningEnabled>
      <OnlineLearningFolderId />
    </OnlineLearningSettings>
    <FuzzyDatabases />
    <ResourceAccessTokens>
      <ResourceAccess>
        <ResourceIdentity>
          <Id>7DF43CCDF24611D2804B00104B71BD15</Id>
          <AutomaticallyPopulate>true</AutomaticallyPopulate>
          <Name>Everyone</Name>
          <ResourceType>GroupOfWorkers</ResourceType>
          <EmailAddress />
          <UserId />
          <ManagerialLevel>0</ManagerialLevel>
        </ResourceIdentity>
        <AccessType>MaintenanceAccess</AccessType>
        <PermissionType>FullControl</PermissionType>
      </ResourceAccess>
    </ResourceAccessTokens>
    <ResourcePermissionType>FullControl</ResourcePermissionType>
  </DocumentGroup>
</ArrayOfDocumentGroup>