<processmaps xmlns:dt="urn:schemas-microsoft-com:datatypes" dbversion="7.10" parentprocessmapversion="8.000000" parentprocessmapid="025B8B0B20D7796F4DFE3BBF0B415DE7"><projectlist /><webservices><webservicedetails><webserviceid>120188AA77AB424798E8E9C2A997C847</webserviceid><categoryid>EE3E6CC9049D4EE0BCD444A26C1EF452</categoryid><name>DocTamperingPresignURL</name><url>https://api.pdf.resistant.ai/v1/pdf/presign/</url><webserviceproxydllname></webserviceproxydllname><webservicesettingxml>&lt;?xml version="1.0" encoding="utf-16"?&gt;
&lt;WebServiceSettingsEntity xmlns:xsd="http://www.w3.org/2001/XMLSchema" xmlns:xsi="http://www.w3.org/2001/XMLSchema-instance"&gt;
  &lt;UserName /&gt;
  &lt;Password /&gt;
  &lt;WcfEnabled&gt;false&lt;/WcfEnabled&gt;
  &lt;RestfulWebService&gt;true&lt;/RestfulWebService&gt;
  &lt;EndPointUrl /&gt;
  &lt;HttpHeaders&gt;
    &lt;HttpHeader&gt;
      &lt;Name&gt;Authorization&lt;/Name&gt;
      &lt;Value&gt;5NrbRpDbwMaFttLtPJQIS4YY6su78zSv7SfZ9rvA&lt;/Value&gt;
    &lt;/HttpHeader&gt;
  &lt;/HttpHeaders&gt;
  &lt;OpenAPIEnabled&gt;false&lt;/OpenAPIEnabled&gt;
  &lt;UseClientCertificate&gt;false&lt;/UseClientCertificate&gt;
  &lt;ClientCertificate&gt;
    &lt;CertificateChanged&gt;false&lt;/CertificateChanged&gt;
    &lt;PasswordChanged&gt;false&lt;/PasswordChanged&gt;
  &lt;/ClientCertificate&gt;
&lt;/WebServiceSettingsEntity&gt;</webservicesettingxml></webservicedetails></webservices><projectlist /><processmap><procdata><mapid>025B8B0B20D7796F4DFE3BBF0B415DE7</mapid><mapname>Get Display URL</mapname><mapauthor>Des McCafferty</mapauthor><mapauthorid>87DD001C80BF4DC583434A8F9C3AE5B6</mapauthorid><maptrackstorejvh>0</maptrackstorejvh><helptext></helptext><lastmodified>87DD001C80BF4DC583434A8F9C3AE5B6</lastmodified><allocationalgorithm>0</allocationalgorithm><arrowstyle>0</arrowstyle><arrowweighting>0</arrowweighting><designtimesettings>&lt;designtimesettings&gt;&lt;annotations /&gt;&lt;attachments /&gt;&lt;collaborationnodes /&gt;&lt;groupartifacts /&gt;&lt;pools&gt;&lt;pool&gt;&lt;xposition&gt;25&lt;/xposition&gt;&lt;yposition&gt;25&lt;/yposition&gt;&lt;width&gt;1400&lt;/width&gt;&lt;height&gt;600&lt;/height&gt;&lt;name&gt;New process&lt;/name&gt;&lt;id&gt;F82271A4779422381BA54C5DE1DCE32D&lt;/id&gt;&lt;type&gt;0&lt;/type&gt;&lt;lanes&gt;&lt;lane&gt;&lt;name&gt;Lane1&lt;/name&gt;&lt;index&gt;0&lt;/index&gt;&lt;poolid&gt;F82271A4779422381BA54C5DE1DCE32D&lt;/poolid&gt;&lt;height&gt;600&lt;/height&gt;&lt;/lane&gt;&lt;/lanes&gt;&lt;/pool&gt;&lt;/pools&gt;&lt;messageflows /&gt;&lt;layoutdirection&gt;Horizontal&lt;/layoutdirection&gt;&lt;layouttype&gt;ProcessTree&lt;/layouttype&gt;&lt;zoomfactor&gt;100&lt;/zoomfactor&gt;&lt;viewactivitycost&gt;False&lt;/viewactivitycost&gt;&lt;viewactivityduration&gt;False&lt;/viewactivityduration&gt;&lt;viewactivityresources&gt;False&lt;/viewactivityresources&gt;&lt;viewgroups&gt;False&lt;/viewgroups&gt;&lt;viewpools&gt;False&lt;/viewpools&gt;&lt;compatiblewithallcasedefversions&gt;0&lt;/compatiblewithallcasedefversions&gt;&lt;hasdocumentset&gt;False&lt;/hasdocumentset&gt;&lt;startnodes&gt;&lt;startnode&gt;&lt;designtimesettings&gt;&lt;xposition&gt;100&lt;/xposition&gt;&lt;yposition&gt;250&lt;/yposition&gt;&lt;width&gt;30&lt;/width&gt;&lt;height&gt;30&lt;/height&gt;&lt;inheritcolorfromsystem&gt;True&lt;/inheritcolorfromsystem&gt;&lt;colour&gt;#62A716&lt;/colour&gt;&lt;eventtype&gt;Default&lt;/eventtype&gt;&lt;name&gt;Start&lt;/name&gt;&lt;textposition&gt;Top&lt;/textposition&gt;&lt;conditionpathdescription /&gt;&lt;lane&gt;&lt;name /&gt;&lt;index&gt;0&lt;/index&gt;&lt;poolid /&gt;&lt;height&gt;0&lt;/height&gt;&lt;/lane&gt;&lt;annotations /&gt;&lt;attachments /&gt;&lt;/designtimesettings&gt;&lt;/startnode&gt;&lt;/startnodes&gt;&lt;redraw&gt;False&lt;/redraw&gt;&lt;/designtimesettings&gt;</designtimesettings><attachments></attachments><annotations></annotations><formsections></formsections><form></form><categoryid>CB701CC0DB5E4B0FA23973BAF35AEC18</categoryid><targetdays>0</targetdays><targethours>0</targethours><targetmins>0</targetmins><targetsecs>0</targetsecs><priority>1</priority><transactional>0</transactional><backgroundcolour>0</backgroundcolour><version>8.000000</version><cost>0.000000</cost><creationdate>2022-01-27T12:08:02</creationdate><changedate>2022-01-27T14:38:59</changedate><description></description><status>2</status><newmap>0</newmap><archivefinishedjobs>0</archivefinishedjobs><straightthrough>1</straightthrough><poolid>0</poolid><dynexpfinishtimevar></dynexpfinishtimevar><mapmilestonesrvstdtag /><mapmilestonescopetag>0</mapmilestonescopetag><mapmilestonetag /><dynamicbudget></dynamicbudget><budget>0.000000</budget><processtype>6</processtype><processtypestring>CustomService</processtypestring><associatedcaseid></associatedcaseid><associatedcase></associatedcase><latestcaseversion>0.000000</latestcaseversion><prefixvariable>0</prefixvariable><completioneventmapid></completioneventmapid><completioneventmapname></completioneventmapname><assocjobsoncompletion>0</assocjobsoncompletion><sendemail>0</sendemail><emailto>0</emailto><subjecttext></subjecttext><subjectvar></subjectvar><contenttext></contenttext><contentvar></contentvar><urltext></urltext><urlvar></urlvar><appendassocfile>0</appendassocfile><initialisationvariables><initialisationvariable><varname>GEOGRAPHY_APAC</varname></initialisationvariable><initialisationvariable><varname>SUBMISSIONID</varname></initialisationvariable><initialisationvariable><varname>RESPONSESCORE</varname></initialisationvariable><initialisationvariable><varname>DOC</varname></initialisationvariable></initialisationvariables><outputvariables><outputvariable><varid>DISPLAY_URL</varid></outputvariable><outputvariable><varid>DOCNAME</varid></outputvariable><outputvariable><varid>RESULT</varid></outputvariable><outputvariable><varid>RETURNMESSAGE</varid></outputvariable></outputvariables><maintenanceaccess><resource><resourcetype>3</resourcetype><resourcename>Everyone</resourcename><resourceid>7DF43CCDF24611D2804B00104B71BD15</resourceid><serverid>7F6AEA32D2AA25489457A4E4F29CFA6B</serverid><unavailability>Default</unavailability><accesstype>0</accesstype><seqassignorder>0</seqassignorder><excluded>0</excluded></resource></maintenanceaccess><creationaccess /><suspendaccess /><terminateaccess /><restartaccess /><holdaccess /><customiseaccess /><jobdetailviewaccess /><scanvrsprofileaccess /><separationprofileaccess /><updatedocumentcontaineraccess /><editbusinessdataaccess><resource><resourcetype>3</resourcetype><resourcename>Everyone</resourcename><resourceid>7DF43CCDF24611D2804B00104B71BD15</resourceid><serverid>7F6AEA32D2AA25489457A4E4F29CFA6B</serverid><unavailability>Default</unavailability><accesstype>0</accesstype><seqassignorder>0</seqassignorder><excluded>0</excluded></resource></editbusinessdataaccess><defaultusableresources><resource><resourcetype>3</resourcetype><resourcename>Everyone</resourcename><resourceid>7DF43CCDF24611D2804B00104B71BD15</resourceid><serverid>7F6AEA32D2AA25489457A4E4F29CFA6B</serverid><unavailability>Default</unavailability><accesstype>0</accesstype><seqassignorder>0</seqassignorder><excluded>0</excluded></resource></defaultusableresources><exceptions><exception><exceptioncode>EXP0004</exceptioncode><processmapid /><processmapname /><description>Invoked when the cost of job exceeds the expected value.</description><version>0.000000</version><serveronly>0</serveronly></exception><exception><exceptioncode>EXP0005</exceptioncode><processmapid /><processmapname /><description>Invoked when a job exceeds its expected duration.</description><version>0.000000</version><serveronly>0</serveronly></exception><exception><exceptioncode>EXP0006</exceptioncode><processmapid /><processmapname /><description>Invoked when an activity exceeds its expected duration.</description><version>0.000000</version><serveronly>0</serveronly></exception><exception><exceptioncode>EXP0009</exceptioncode><processmapid /><processmapname /><description>Invoked when a Script Object fails to execute automatically.</description><version>0.000000</version><serveronly>0</serveronly></exception><exception><exceptioncode>EXP0010</exceptioncode><processmapid /><processmapname /><description>Invoked when a process is stalled.</description><version>0.000000</version><serveronly>0</serveronly></exception><exception><exceptioncode>EXP0013</exceptioncode><processmapid /><processmapname /><description>Invoked when an activity crosses the due date.</description><version>0.000000</version><serveronly>0</serveronly></exception><exception><exceptioncode>EXP0017</exceptioncode><processmapid /><processmapname /><description>Invoked when synchronous processing fails.</description><version>0.000000</version><serveronly>0</serveronly></exception><exception><exceptioncode>EXP0018</exceptioncode><processmapid /><processmapname /><description>Invoked when no usable resource is assigned to an activity.</description><version>0.000000</version><serveronly>0</serveronly></exception><exception><exceptioncode>EXP0019</exceptioncode><processmapid /><processmapname /><description>Invoked when a .NET object fails to execute.</description><version>0.000000</version><serveronly>0</serveronly></exception><exception><exceptioncode>EXP0020</exceptioncode><processmapid /><processmapname /><description>Invoked when a Web Service object fails to execute.</description><version>0.000000</version><serveronly>0</serveronly></exception><exception><exceptioncode>EXP0022</exceptioncode><processmapid /><processmapname /><description>Invoked when a C# Script activity fails to execute when running automatically.</description><version>0.000000</version><serveronly>0</serveronly></exception><exception><exceptioncode>EXP0023</exceptioncode><processmapid /><processmapname /><description>Invoked when a VB .NET Script activity fails to execute.</description><version>0.000000</version><serveronly>0</serveronly></exception><exception><exceptioncode>EXP0025</exceptioncode><processmapid /><processmapname /><description>Invoked when a Data Access activity fails to execute.</description><version>0.000000</version><serveronly>0</serveronly></exception><exception><exceptioncode>EXP0036</exceptioncode><processmapid /><processmapname /><description>Invoked when the transfer of documents to another server fails to execute.</description><version>0.000000</version><serveronly>0</serveronly></exception><exception><exceptioncode>EXP0038</exceptioncode><processmapid /><processmapname /><description>Invoked when any automatic activity fails to execute.</description><version>0.000000</version><serveronly>0</serveronly></exception></exceptions><states /><milestones /><bpescalations /><mapvirtualfolders><virtualfolderstructure></virtualfolderstructure><indexdatacollection /><mapvirtualfolderstructure></mapvirtualfolderstructure></mapvirtualfolders><serverid>7F6AEA32D2AA25489457A4E4F29CFA6B</serverid><xmlexpressionlist /><ragstatus><amberthreshold>0</amberthreshold><redthreshold>0</redthreshold><blackthreshold>0</blackthreshold><purplethreshold>0</purplethreshold></ragstatus><casedefcomruntime_data /><archivetopi>0</archivetopi><runtime_settings>0</runtime_settings><process_owner_id></process_owner_id><score_rule /><map_valid_from /><map_valid_to /><captureenabled>0</captureenabled><iscaptureprocess>0</iscaptureprocess><reportingtag></reportingtag><settingsxml>&lt;?xml version="1.0" encoding="utf-16"?&gt;
&lt;BusinessProcessSettings xmlns:xsd="http://www.w3.org/2001/XMLSchema" xmlns:xsi="http://www.w3.org/2001/XMLSchema-instance"&gt;
  &lt;CaptureProcessSettings&gt;
    &lt;ClassificationGroup&gt;
      &lt;Id /&gt;
      &lt;AutomaticallyPopulate&gt;true&lt;/AutomaticallyPopulate&gt;
      &lt;Version&gt;0&lt;/Version&gt;
      &lt;Name /&gt;
    &lt;/ClassificationGroup&gt;
    &lt;ScanVrsProfiles&gt;
      &lt;ScanVrsProfileIdentity&gt;
        &lt;Id&gt;C525FA863EB74348961543C740ED00A0&lt;/Id&gt;
        &lt;Name&gt;Default&lt;/Name&gt;
      &lt;/ScanVrsProfileIdentity&gt;
    &lt;/ScanVrsProfiles&gt;
    &lt;SeparationProfile /&gt;
    &lt;DefaultScanVrsProfile&gt;
      &lt;Id&gt;C525FA863EB74348961543C740ED00A0&lt;/Id&gt;
      &lt;Name&gt;Default&lt;/Name&gt;
    &lt;/DefaultScanVrsProfile&gt;
    &lt;DocConversionProfiles /&gt;
    &lt;DefaultDocConversionProfile /&gt;
    &lt;SaveScannedImageAsPageRendition&gt;false&lt;/SaveScannedImageAsPageRendition&gt;
    &lt;PageRendition&gt;0&lt;/PageRendition&gt;
    &lt;PdfTextExtractionMode&gt;0&lt;/PdfTextExtractionMode&gt;
    &lt;AllowRotateReorderImportedImages&gt;true&lt;/AllowRotateReorderImportedImages&gt;
    &lt;AllowSplitMergeDeleteImportedDocument&gt;true&lt;/AllowSplitMergeDeleteImportedDocument&gt;
    &lt;PdfTextWordSeparationChars&gt;/:()-#&lt;/PdfTextWordSeparationChars&gt;
  &lt;/CaptureProcessSettings&gt;
  &lt;RetentionPolicySettings&gt;
    &lt;KeepForever&gt;true&lt;/KeepForever&gt;
    &lt;RetentionPolicyDuration&gt;
      &lt;Years&gt;1&lt;/Years&gt;
      &lt;Months&gt;0&lt;/Months&gt;
      &lt;Days&gt;0&lt;/Days&gt;
      &lt;Hours&gt;0&lt;/Hours&gt;
      &lt;Minutes&gt;0&lt;/Minutes&gt;
    &lt;/RetentionPolicyDuration&gt;
  &lt;/RetentionPolicySettings&gt;
  &lt;MaximumLoopCount&gt;0&lt;/MaximumLoopCount&gt;
  &lt;ShowSpecificOutputVariables&gt;true&lt;/ShowSpecificOutputVariables&gt;
  &lt;VariableDisplayPropertiesCollection&gt;
    &lt;VariableDisplayProperties&gt;
      &lt;VariableIdentity&gt;
        &lt;Id&gt;SUBMISSIONID&lt;/Id&gt;
        &lt;Version&gt;0&lt;/Version&gt;
        &lt;DisplayName&gt;SubmissionID&lt;/DisplayName&gt;
      &lt;/VariableIdentity&gt;
      &lt;StringVariableDisplayProperties&gt;
        &lt;VariableControlType&gt;Singleline&lt;/VariableControlType&gt;
        &lt;MaxNumberOfCharacters&gt;10000&lt;/MaxNumberOfCharacters&gt;
        &lt;LookupIdentity /&gt;
        &lt;StaticData /&gt;
        &lt;Mandatory&gt;false&lt;/Mandatory&gt;
      &lt;/StringVariableDisplayProperties&gt;
      &lt;MinDate xsi:nil="true" /&gt;
      &lt;MaxDate xsi:nil="true" /&gt;
      &lt;DecimalPrecision&gt;0&lt;/DecimalPrecision&gt;
    &lt;/VariableDisplayProperties&gt;
    &lt;VariableDisplayProperties&gt;
      &lt;VariableIdentity&gt;
        &lt;Id&gt;DISPLAY_URL&lt;/Id&gt;
        &lt;Version&gt;0&lt;/Version&gt;
        &lt;DisplayName&gt;Display_URL&lt;/DisplayName&gt;
      &lt;/VariableIdentity&gt;
      &lt;StringVariableDisplayProperties&gt;
        &lt;VariableControlType&gt;Singleline&lt;/VariableControlType&gt;
        &lt;MaxNumberOfCharacters&gt;10000&lt;/MaxNumberOfCharacters&gt;
        &lt;LookupIdentity /&gt;
        &lt;StaticData /&gt;
        &lt;Mandatory&gt;false&lt;/Mandatory&gt;
      &lt;/StringVariableDisplayProperties&gt;
      &lt;MinDate xsi:nil="true" /&gt;
      &lt;MaxDate xsi:nil="true" /&gt;
      &lt;DecimalPrecision&gt;0&lt;/DecimalPrecision&gt;
    &lt;/VariableDisplayProperties&gt;
    &lt;VariableDisplayProperties&gt;
      &lt;VariableIdentity&gt;
        &lt;Id&gt;ID&lt;/Id&gt;
        &lt;Version&gt;0&lt;/Version&gt;
        &lt;DisplayName&gt;ID&lt;/DisplayName&gt;
      &lt;/VariableIdentity&gt;
      &lt;StringVariableDisplayProperties&gt;
        &lt;VariableControlType&gt;Singleline&lt;/VariableControlType&gt;
        &lt;MaxNumberOfCharacters&gt;10000&lt;/MaxNumberOfCharacters&gt;
        &lt;LookupIdentity /&gt;
        &lt;StaticData /&gt;
        &lt;Mandatory&gt;false&lt;/Mandatory&gt;
      &lt;/StringVariableDisplayProperties&gt;
      &lt;MinDate xsi:nil="true" /&gt;
      &lt;MaxDate xsi:nil="true" /&gt;
      &lt;DecimalPrecision&gt;0&lt;/DecimalPrecision&gt;
    &lt;/VariableDisplayProperties&gt;
    &lt;VariableDisplayProperties&gt;
      &lt;VariableIdentity&gt;
        &lt;Id&gt;DOCNAME&lt;/Id&gt;
        &lt;Version&gt;0&lt;/Version&gt;
        &lt;DisplayName&gt;DocName&lt;/DisplayName&gt;
      &lt;/VariableIdentity&gt;
      &lt;StringVariableDisplayProperties&gt;
        &lt;VariableControlType&gt;Singleline&lt;/VariableControlType&gt;
        &lt;MaxNumberOfCharacters&gt;10000&lt;/MaxNumberOfCharacters&gt;
        &lt;LookupIdentity /&gt;
        &lt;StaticData /&gt;
        &lt;Mandatory&gt;false&lt;/Mandatory&gt;
      &lt;/StringVariableDisplayProperties&gt;
      &lt;MinDate xsi:nil="true" /&gt;
      &lt;MaxDate xsi:nil="true" /&gt;
      &lt;DecimalPrecision&gt;0&lt;/DecimalPrecision&gt;
    &lt;/VariableDisplayProperties&gt;
    &lt;VariableDisplayProperties&gt;
      &lt;VariableIdentity&gt;
        &lt;Id&gt;RESPONSESCORE&lt;/Id&gt;
        &lt;Version&gt;0&lt;/Version&gt;
        &lt;DisplayName&gt;ResponseScore&lt;/DisplayName&gt;
      &lt;/VariableIdentity&gt;
      &lt;StringVariableDisplayProperties&gt;
        &lt;VariableControlType&gt;Singleline&lt;/VariableControlType&gt;
        &lt;MaxNumberOfCharacters&gt;10000&lt;/MaxNumberOfCharacters&gt;
        &lt;LookupIdentity /&gt;
        &lt;StaticData /&gt;
        &lt;Mandatory&gt;false&lt;/Mandatory&gt;
      &lt;/StringVariableDisplayProperties&gt;
      &lt;MinDate xsi:nil="true" /&gt;
      &lt;MaxDate xsi:nil="true" /&gt;
      &lt;DecimalPrecision&gt;0&lt;/DecimalPrecision&gt;
    &lt;/VariableDisplayProperties&gt;
    &lt;VariableDisplayProperties&gt;
      &lt;VariableIdentity&gt;
        &lt;Id&gt;RESULT&lt;/Id&gt;
        &lt;Version&gt;0&lt;/Version&gt;
        &lt;DisplayName&gt;Result&lt;/DisplayName&gt;
      &lt;/VariableIdentity&gt;
      &lt;StringVariableDisplayProperties&gt;
        &lt;VariableControlType&gt;Singleline&lt;/VariableControlType&gt;
        &lt;MaxNumberOfCharacters&gt;10000&lt;/MaxNumberOfCharacters&gt;
        &lt;LookupIdentity /&gt;
        &lt;StaticData /&gt;
        &lt;Mandatory&gt;false&lt;/Mandatory&gt;
      &lt;/StringVariableDisplayProperties&gt;
      &lt;MinDate xsi:nil="true" /&gt;
      &lt;MaxDate xsi:nil="true" /&gt;
      &lt;DecimalPrecision&gt;0&lt;/DecimalPrecision&gt;
    &lt;/VariableDisplayProperties&gt;
    &lt;VariableDisplayProperties&gt;
      &lt;VariableIdentity&gt;
        &lt;Id&gt;RETURNMESSAGE&lt;/Id&gt;
        &lt;Version&gt;0&lt;/Version&gt;
        &lt;DisplayName&gt;ReturnMessage&lt;/DisplayName&gt;
      &lt;/VariableIdentity&gt;
      &lt;StringVariableDisplayProperties&gt;
        &lt;VariableControlType&gt;Singleline&lt;/VariableControlType&gt;
        &lt;MaxNumberOfCharacters&gt;10000&lt;/MaxNumberOfCharacters&gt;
        &lt;LookupIdentity /&gt;
        &lt;StaticData /&gt;
        &lt;Mandatory&gt;false&lt;/Mandatory&gt;
      &lt;/StringVariableDisplayProperties&gt;
      &lt;MinDate xsi:nil="true" /&gt;
      &lt;MaxDate xsi:nil="true" /&gt;
      &lt;DecimalPrecision&gt;0&lt;/DecimalPrecision&gt;
    &lt;/VariableDisplayProperties&gt;
    &lt;VariableDisplayProperties&gt;
      &lt;VariableIdentity&gt;
        &lt;Id&gt;EXPIRY&lt;/Id&gt;
        &lt;Version&gt;0&lt;/Version&gt;
        &lt;DisplayName&gt;Expiry&lt;/DisplayName&gt;
      &lt;/VariableIdentity&gt;
      &lt;StringVariableDisplayProperties&gt;
        &lt;VariableControlType&gt;Singleline&lt;/VariableControlType&gt;
        &lt;MaxNumberOfCharacters&gt;10000&lt;/MaxNumberOfCharacters&gt;
        &lt;LookupIdentity /&gt;
        &lt;StaticData /&gt;
        &lt;Mandatory&gt;false&lt;/Mandatory&gt;
      &lt;/StringVariableDisplayProperties&gt;
      &lt;MinValue&gt;-32768&lt;/MinValue&gt;
      &lt;MaxValue&gt;32767&lt;/MaxValue&gt;
      &lt;MinDate xsi:nil="true" /&gt;
      &lt;MaxDate xsi:nil="true" /&gt;
      &lt;DecimalPrecision&gt;0&lt;/DecimalPrecision&gt;
    &lt;/VariableDisplayProperties&gt;
  &lt;/VariableDisplayPropertiesCollection&gt;
&lt;/BusinessProcessSettings&gt;</settingsxml><associateddotnetreferences /><processnotes /><cnjformidentity><id /><name /></cnjformidentity><hasdocumentcontainer>0</hasdocumentcontainer><hasdocumentset>0</hasdocumentset><customserviceowner></customserviceowner><customservicegroupidentity><customservicegroupid>137CF5644D0C47378D7C48E67BF5B754</customservicegroupid><customservicegroupname>Resistant AI</customservicegroupname></customservicegroupidentity></procdata><entitylist></entitylist><variableslist><variable><varname>DISPLAY_URL</varname><vartype>8</vartype><varvalue xml:space="preserve"></varvalue><dynamic>0</dynamic><used_in_skin>0</used_in_skin><entityid>4FEE4E069417475DAC5D2C2E5C95CA49</entityid><entityname>Default Data Grouping</entityname><vardisplayname>Display_URL</vardisplayname><variablemembers /></variable><variable><varname>DOC</varname><vartype>32760</vartype><varvalue>&lt;?xml version="1.0" encoding="utf-16"?&gt;&lt;DocumentVariableValue xmlns:xsi="http://www.w3.org/2001/XMLSchema-instance" xmlns:xsd="http://www.w3.org/2001/XMLSchema"&gt;&lt;DocumentType&gt;298D0A0CFE2342A4BB66E240E9E2967D&lt;/DocumentType&gt;&lt;DocumentName&gt;Default Document&lt;/DocumentName&gt;&lt;InstanceId/&gt;&lt;/DocumentVariableValue&gt;</varvalue><dynamic>0</dynamic><used_in_skin>0</used_in_skin><entityid>4FEE4E069417475DAC5D2C2E5C95CA49</entityid><entityname>Default Data Grouping</entityname><vardisplayname>Doc</vardisplayname><variablemembers /></variable><variable><varname>DOCNAME</varname><vartype>8</vartype><varvalue xml:space="preserve"></varvalue><dynamic>0</dynamic><used_in_skin>0</used_in_skin><entityid>4FEE4E069417475DAC5D2C2E5C95CA49</entityid><entityname>Default Data Grouping</entityname><vardisplayname>DocName</vardisplayname><variablemembers /></variable><variable><varname>EXPIRY</varname><vartype>2</vartype><varvalue>600</varvalue><dynamic>0</dynamic><used_in_skin>0</used_in_skin><entityid>4FEE4E069417475DAC5D2C2E5C95CA49</entityid><entityname>Default Data Grouping</entityname><vardisplayname>Expiry</vardisplayname><variablemembers /></variable><variable><varname>GEOGRAPHY_APAC</varname><vartype>11</vartype><varvalue>0</varvalue><dynamic>0</dynamic><used_in_skin>0</used_in_skin><entityid>4FEE4E069417475DAC5D2C2E5C95CA49</entityid><entityname>Default Data Grouping</entityname><vardisplayname>Geography_APAC</vardisplayname><variablemembers /></variable><variable><varname>ID</varname><vartype>8</vartype><varvalue xml:space="preserve"></varvalue><dynamic>0</dynamic><used_in_skin>0</used_in_skin><entityid>4FEE4E069417475DAC5D2C2E5C95CA49</entityid><entityname>Default Data Grouping</entityname><vardisplayname>ID</vardisplayname><variablemembers /></variable><variable><varname>RESPONSESCORE</varname><vartype>8</vartype><varvalue xml:space="preserve"></varvalue><dynamic>0</dynamic><used_in_skin>0</used_in_skin><entityid>4FEE4E069417475DAC5D2C2E5C95CA49</entityid><entityname>Default Data Grouping</entityname><vardisplayname>ResponseScore</vardisplayname><variablemembers /></variable><variable><varname>RESULT</varname><vartype>8</vartype><varvalue xml:space="preserve"></varvalue><dynamic>0</dynamic><used_in_skin>0</used_in_skin><entityid>4FEE4E069417475DAC5D2C2E5C95CA49</entityid><entityname>Default Data Grouping</entityname><vardisplayname>Result</vardisplayname><variablemembers /></variable><variable><varname>RETURNMESSAGE</varname><vartype>8</vartype><varvalue xml:space="preserve"></varvalue><dynamic>0</dynamic><used_in_skin>0</used_in_skin><entityid>4FEE4E069417475DAC5D2C2E5C95CA49</entityid><entityname>Default Data Grouping</entityname><vardisplayname>ReturnMessage</vardisplayname><variablemembers /></variable><variable><varname>SUBMISSIONID</varname><vartype>8</vartype><varvalue xml:space="preserve"></varvalue><dynamic>0</dynamic><used_in_skin>0</used_in_skin><entityid>4FEE4E069417475DAC5D2C2E5C95CA49</entityid><entityname>Default Data Grouping</entityname><vardisplayname>SubmissionID</vardisplayname><variablemembers /></variable></variableslist><roleslist /><processeventlist /><nodelist><node><nodetype>2</nodetype><nodedata><processid>025B8B0B20D7796F4DFE3BBF0B415DE7</processid><version>8.000000</version><nodeid>1</nodeid><isstartnode>1</isstartnode><nodetype>2</nodetype><designtimetype>0</designtimetype><activationprobability>100</activationprobability><embeddedname></embeddedname><state /><statescope>0</statescope><activitymilestone /><activitymilestonescope>0</activitymilestonescope><activitypendmilestone></activitypendmilestone><activitypendmilestonescope>0</activitypendmilestonescope><activitydonemilestone></activitydonemilestone><activitydonemilestonescope>0</activitydonemilestonescope><nodependevent /><nodependeventscope>0</nodependeventscope><nodedoneevent /><nodedoneeventscope>0</nodedoneeventscope><titleposno>5</titleposno><embeddedproccount>0</embeddedproccount><iscustomnode>0</iscustomnode><designtimesettings>&lt;designtimesettings&gt;&lt;xposition&gt;235&lt;/xposition&gt;&lt;yposition&gt;250&lt;/yposition&gt;&lt;width&gt;60&lt;/width&gt;&lt;height&gt;60&lt;/height&gt;&lt;inheritcolorfromsystem&gt;True&lt;/inheritcolorfromsystem&gt;&lt;colour&gt;#FFD5DC43&lt;/colour&gt;&lt;textposition&gt;Top&lt;/textposition&gt;&lt;conditionpathdescription /&gt;&lt;lane&gt;&lt;name /&gt;&lt;index&gt;0&lt;/index&gt;&lt;poolid /&gt;&lt;height&gt;0&lt;/height&gt;&lt;/lane&gt;&lt;annotations /&gt;&lt;attachments /&gt;&lt;/designtimesettings&gt;</designtimesettings><attachments></attachments><annotations></annotations><dependants /><destinationnodes><destinationnode><nodeid>2</nodeid><nodetype>1</nodetype></destinationnode><destinationnode><nodeid>3</nodeid><nodetype>1</nodetype></destinationnode></destinationnodes><originnodes /><branchingrules /><runtimesettings>0</runtimesettings></nodedata><decisiondata><decisionname>APAC geography?</decisionname><description></description><decisiontext>&lt;Rule xmlns:xsd="http://www.w3.org/2001/XMLSchema" xmlns:xsi="http://www.w3.org/2001/XMLSchema-instance"&gt;&lt;RuleInputs&gt;&lt;RuleInput&gt;&lt;Id&gt;GEOGRAPHY_APAC&lt;/Id&gt;&lt;Scope&gt;None&lt;/Scope&gt;&lt;VariableType&gt;Bool&lt;/VariableType&gt;&lt;/RuleInput&gt;&lt;/RuleInputs&gt;&lt;Script&gt;¬GEOGRAPHY_APAC¬ &lt;/Script&gt;&lt;RuleType&gt;Decision&lt;/RuleType&gt;&lt;/Rule&gt;</decisiontext><trueid>2</trueid><trackstorejvh>0</trackstorejvh><casesensetive>1</casesensetive><inputvariables><inputvariable><varid>GEOGRAPHY_APAC</varid></inputvariable></inputvariables></decisiondata></node><node><nodetype>1</nodetype><nodedata><processid>025B8B0B20D7796F4DFE3BBF0B415DE7</processid><version>8.000000</version><nodeid>2</nodeid><isstartnode>0</isstartnode><nodetype>1</nodetype><designtimetype>33</designtimetype><activationprobability>100</activationprobability><embeddedname></embeddedname><state /><statescope>0</statescope><activitymilestone></activitymilestone><activitymilestonescope>0</activitymilestonescope><activitypendmilestone></activitypendmilestone><activitypendmilestonescope>0</activitypendmilestonescope><activitydonemilestone></activitydonemilestone><activitydonemilestonescope>0</activitydonemilestonescope><nodependevent /><nodependeventscope>0</nodependeventscope><nodedoneevent /><nodedoneeventscope>0</nodedoneeventscope><titleposno>5</titleposno><embeddedproccount>0</embeddedproccount><iscustomnode>0</iscustomnode><designtimesettings>&lt;designtimesettings&gt;&lt;xposition&gt;385&lt;/xposition&gt;&lt;yposition&gt;150&lt;/yposition&gt;&lt;width&gt;90&lt;/width&gt;&lt;height&gt;60&lt;/height&gt;&lt;inheritcolorfromsystem&gt;True&lt;/inheritcolorfromsystem&gt;&lt;colour&gt;#FFB2DFDBFF&lt;/colour&gt;&lt;textposition&gt;Top&lt;/textposition&gt;&lt;conditionpathdescription /&gt;&lt;lane&gt;&lt;name /&gt;&lt;index&gt;0&lt;/index&gt;&lt;poolid /&gt;&lt;height&gt;0&lt;/height&gt;&lt;/lane&gt;&lt;annotations /&gt;&lt;attachments /&gt;&lt;resourcenotes /&gt;&lt;/designtimesettings&gt;</designtimesettings><attachments></attachments><annotations></annotations><dependants /><destinationnodes><destinationnode><nodeid>4</nodeid><nodetype>6</nodetype></destinationnode></destinationnodes><originnodes><originnode><nodeid>1</nodeid><nodetype>1</nodetype></originnode></originnodes><branchingrules /><runtimesettings>0</runtimesettings></nodedata><activitydata><inputvariables><inputvariable><varid>SPP_SYSTEM_SESSION_ID</varid></inputvariable><inputvariable><varid>DISPLAY_URL</varid></inputvariable><inputvariable><varid>DOCUMENTVIEWERURL</varid></inputvariable><inputvariable><varid>SUBMISSIONID</varid></inputvariable><inputvariable><varid>DOCNAME</varid></inputvariable><inputvariable><varid>DOC_1F8220766FAF42278F5CF8081DBF6D87</varid></inputvariable><inputvariable><varid>RESULT</varid></inputvariable><inputvariable><varid>RESPONSESCORE</varid></inputvariable></inputvariables><outputvariables /><requiredresources /><usableresources /><dynamicresourcesdata><overwriteusableresources>0</overwriteusableresources><dynamicresourcesvariables /></dynamicresourcesdata><targettime>0</targettime><delaytime>0</delaytime><expectedcost>0.000000</expectedcost><securitylevel>10</securitylevel><skilllevel>10</skilllevel><useprevioususer>0</useprevioususer><tasktype>7</tasktype><priority>1</priority><automatic>1</automatic><trackstorejvh>0</trackstorejvh><usesameasprevious>0</usesameasprevious><taskid>0</taskid><usesameasprevioustype>0</usesameasprevioustype><fixedcost>0.000000</fixedcost><taskname>Formulate DisplayURL</taskname><resourceid /><createdby>87DD001C80BF4DC583434A8F9C3AE5B6</createdby><purpose></purpose><description></description><script>using System; 
using Agility.Server.Scripting.ScriptAssembly;
 
namespace MyNamespace
{
    
 public class Class1
 {
  public Class1() 
  {
  }
 
  [StartMethodAttribute()] 
  public void Method1(ScriptParameters sp) 
  {

string typetext = sp.InputVariables[&amp;quot;MIMETYPE&amp;quot;];
	int pos = typetext .LastIndexOf(&amp;quot;/&amp;quot;) + 1;
sp.OutputVariables[&amp;quot;FILEEXTENSION&amp;quot;] =typetext .Substring(pos,typetext .Length - pos);


  }
 }
}</script><processid /><creationdate>2022-02-09T23:24:13.45716</creationdate><transactionalinfo /><createnewjobinfo><cnjprocessid></cnjprocessid><initparams></initparams><outputs></outputs><varid></varid><jobtype>0</jobtype><reftype>0</reftype></createnewjobinfo><scriptprogid>CSHARP</scriptprogid><preloadscript>1</preloadscript><assocfile></assocfile><designinfo /><sleepinfo>0</sleepinfo><jobowneridinfo></jobowneridinfo><jobownervaridinfo></jobownervaridinfo><negativelagtime>0</negativelagtime><dynduedate>0</dynduedate><dynduedatevar /><dyntargetdurationvar /><sendemail>0</sendemail><emailto>0</emailto><subjecttext></subjecttext><subjectvar></subjectvar><contenttext></contenttext><contentvar></contentvar><urltext></urltext><urlvar></urlvar><appendassocfile>0</appendassocfile><dotnet><dotnetactivity><assemblyid>TotalAgility.Sdk.dll</assemblyid><assemblyloadtype>0</assemblyloadtype><assemblyname>TotalAgility.Sdk.dll</assemblyname><classname>TotalAgility.Sdk.ServerService</classname><methodname>ExecuteCalculationNode</methodname><duplicatemethodno>1</duplicatemethodno><noofparams>0</noofparams><paramsmappingxmltag>&lt;parameters&gt;&lt;param direction="in" source="SPP_SYSTEM_SESSION_ID" field="SPP_SYSTEM_SESSION_ID" datatype="System.String" value="SPP_SYSTEM_SESSION_ID" name="sessionId" selection="false" /&gt;&lt;param direction="in" source="" field="" datatype="Agility.Sdk.Model.Calculations.CalculationNode" value="" name="CalculationNode" selection="false"&gt;&lt;member name="ProcessActivityIdentity" source="" type="Agility.Sdk.Model.Activities.ProcessActivityIdentity" value="" field="" selection="false" index="0"&gt;&lt;member name="ProcessIdentity" source="" type="Agility.Sdk.Model.Processes.ProcessIdentity" value="" field="" selection="false" index="0"&gt;&lt;member name="Id" source="inline" type="System.String" value="025B8B0B20D7796F4DFE3BBF0B415DE7" field="" selection="false" index="0" /&gt;&lt;member name="Name" source="inline" type="System.String" value="Get Display URL" field="" selection="false" index="0" /&gt;&lt;member name="Version" source="inline" type="System.Double" value="8" field="" selection="false" index="0" /&gt;&lt;/member&gt;&lt;member name="NodeId" source="inline" type="System.Int16" value="2" field="" selection="false" index="0" /&gt;&lt;member name="ActivityName" source="inline" type="System.String" value="Formulate DisplayURL" field="" selection="false" index="0" /&gt;&lt;/member&gt;&lt;member name="InputVariables" source="" type="Agility.Sdk.Model.Variables.InputVariable[]" value="" field="" selection="false" index="0"&gt;&lt;member name="" source="" type="Agility.Sdk.Model.Variables.InputVariable" value="" field="" selection="false" index="0"&gt;&lt;member name="Id" source="inline" type="System.String" value="SPP_SYSTEM_SESSION_ID" field="" selection="false" index="0" /&gt;&lt;member name="Value" source="SPP_SYSTEM_SESSION_ID" type="System.Object" value="SPP_SYSTEM_SESSION_ID" field="SPP_SYSTEM_SESSION_ID" selection="false" index="0" /&gt;&lt;/member&gt;&lt;member name="" source="" type="Agility.Sdk.Model.Variables.InputVariable" value="" field="" selection="false" index="0"&gt;&lt;member name="Id" source="inline" type="System.String" value="DISPLAY_URL" field="" selection="false" index="0" /&gt;&lt;member name="Value" source="DISPLAY_URL" type="System.Object" value="DISPLAY_URL" field="DISPLAY_URL" selection="false" index="0" /&gt;&lt;/member&gt;&lt;member name="" source="" type="Agility.Sdk.Model.Variables.InputVariable" value="" field="" selection="false" index="0"&gt;&lt;member name="Id" source="inline" type="System.String" value="DOCUMENTVIEWERURL" field="" selection="false" index="0" /&gt;&lt;member name="Value" source="DOCUMENTVIEWERURL" type="System.Object" value="DOCUMENTVIEWERURL" field="DOCUMENTVIEWERURL" selection="false" index="0" /&gt;&lt;/member&gt;&lt;member name="" source="" type="Agility.Sdk.Model.Variables.InputVariable" value="" field="" selection="false" index="0"&gt;&lt;member name="Id" source="inline" type="System.String" value="SUBMISSIONID" field="" selection="false" index="0" /&gt;&lt;member name="Value" source="SUBMISSIONID" type="System.Object" value="SUBMISSIONID" field="SUBMISSIONID" selection="false" index="0" /&gt;&lt;/member&gt;&lt;member name="" source="" type="Agility.Sdk.Model.Variables.InputVariable" value="" field="" selection="false" index="0"&gt;&lt;member name="Id" source="inline" type="System.String" value="DOCNAME" field="" selection="false" index="0" /&gt;&lt;member name="Value" source="DOCNAME" type="System.Object" value="DOCNAME" field="DOCNAME" selection="false" index="0" /&gt;&lt;/member&gt;&lt;member name="" source="" type="Agility.Sdk.Model.Variables.InputVariable" value="" field="" selection="false" index="0"&gt;&lt;member name="Id" source="inline" type="System.String" value="DOC_1F8220766FAF42278F5CF8081DBF6D87" field="" selection="false" index="0" /&gt;&lt;member name="Value" source="DOC_1F8220766FAF42278F5CF8081DBF6D87" type="System.Object" value="DOC_1F8220766FAF42278F5CF8081DBF6D87" field="DOC_1F8220766FAF42278F5CF8081DBF6D87" selection="false" index="0" /&gt;&lt;/member&gt;&lt;member name="" source="" type="Agility.Sdk.Model.Variables.InputVariable" value="" field="" selection="false" index="0"&gt;&lt;member name="Id" source="inline" type="System.String" value="RESULT" field="" selection="false" index="0" /&gt;&lt;member name="Value" source="RESULT" type="System.Object" value="RESULT" field="RESULT" selection="false" index="0" /&gt;&lt;/member&gt;&lt;member name="" source="" type="Agility.Sdk.Model.Variables.InputVariable" value="" field="" selection="false" index="0"&gt;&lt;member name="Id" source="inline" type="System.String" value="RESPONSESCORE" field="" selection="false" index="0" /&gt;&lt;member name="Value" source="RESPONSESCORE" type="System.Object" value="RESPONSESCORE" field="RESPONSESCORE" selection="false" index="0" /&gt;&lt;/member&gt;&lt;/member&gt;&lt;member name="CalculationScriptCollection" source="" type="Agility.Sdk.Model.Calculations.CalculationScript[]" value="" field="" selection="false" index="0"&gt;&lt;member name="" source="" type="Agility.Sdk.Model.Calculations.CalculationScript" value="" field="" selection="false" index="0"&gt;&lt;member name="Script" source="inline" type="System.String" value="&amp;lt;?xml version=&amp;quot;1.0&amp;quot; encoding=&amp;quot;utf-16&amp;quot;?&amp;gt;&amp;lt;Rule xmlns:xsd=&amp;quot;http://www.w3.org/2001/XMLSchema&amp;quot; xmlns:xsi=&amp;quot;http://www.w3.org/2001/XMLSchema-instance&amp;quot;&amp;gt;&amp;lt;RuleInputs&amp;gt;&amp;lt;RuleInput&amp;gt;&amp;lt;Id&amp;gt;DOCUMENTVIEWERURL&amp;lt;/Id&amp;gt;&amp;lt;Scope&amp;gt;None&amp;lt;/Scope&amp;gt;&amp;lt;VariableType&amp;gt;String&amp;lt;/VariableType&amp;gt;&amp;lt;/RuleInput&amp;gt;&amp;lt;RuleInput&amp;gt;&amp;lt;Id&amp;gt;SUBMISSIONID&amp;lt;/Id&amp;gt;&amp;lt;Scope&amp;gt;None&amp;lt;/Scope&amp;gt;&amp;lt;VariableType&amp;gt;String&amp;lt;/VariableType&amp;gt;&amp;lt;/RuleInput&amp;gt;&amp;lt;/RuleInputs&amp;gt;&amp;lt;Script&amp;gt;¬DOCUMENTVIEWERURL¬ + ¬SUBMISSIONID¬&amp;lt;/Script&amp;gt;&amp;lt;RuleType&amp;gt;Expression&amp;lt;/RuleType&amp;gt;&amp;lt;/Rule&amp;gt;" field="" selection="false" index="0" /&gt;&lt;member name="Description" source="inline" type="System.String" value="" field="" selection="false" index="0" /&gt;&lt;member name="TargetVariable" source="" type="Agility.Sdk.Model.Variables.OutputVariable" value="" field="" selection="false" index="0"&gt;&lt;member name="Id" source="inline" type="System.String" value="DISPLAY_URL" field="" selection="false" index="0" /&gt;&lt;member name="Value" source="DISPLAY_URL" type="System.Object" value="DISPLAY_URL" field="DISPLAY_URL" selection="false" index="0" /&gt;&lt;/member&gt;&lt;member name="UseBusinessCalendar" source="inline" type="System.Boolean" value="False" field="" selection="false" index="0" /&gt;&lt;/member&gt;&lt;member name="" source="" type="Agility.Sdk.Model.Calculations.CalculationScript" value="" field="" selection="false" index="0"&gt;&lt;member name="Script" source="inline" type="System.String" value="&amp;lt;?xml version=&amp;quot;1.0&amp;quot; encoding=&amp;quot;utf-16&amp;quot;?&amp;gt;&amp;lt;Rule xmlns:xsd=&amp;quot;http://www.w3.org/2001/XMLSchema&amp;quot; xmlns:xsi=&amp;quot;http://www.w3.org/2001/XMLSchema-instance&amp;quot;&amp;gt;&amp;lt;RuleInputs&amp;gt;&amp;lt;RuleInput&amp;gt;&amp;lt;Id&amp;gt;DOC_1F8220766FAF42278F5CF8081DBF6D87&amp;lt;/Id&amp;gt;&amp;lt;Scope&amp;gt;None&amp;lt;/Scope&amp;gt;&amp;lt;VariableType&amp;gt;String&amp;lt;/VariableType&amp;gt;&amp;lt;/RuleInput&amp;gt;&amp;lt;/RuleInputs&amp;gt;&amp;lt;Script&amp;gt;¬DOC_1F8220766FAF42278F5CF8081DBF6D87¬ &amp;lt;/Script&amp;gt;&amp;lt;RuleType&amp;gt;Expression&amp;lt;/RuleType&amp;gt;&amp;lt;/Rule&amp;gt;" field="" selection="false" index="0" /&gt;&lt;member name="Description" source="inline" type="System.String" value="" field="" selection="false" index="0" /&gt;&lt;member name="TargetVariable" source="" type="Agility.Sdk.Model.Variables.OutputVariable" value="" field="" selection="false" index="0"&gt;&lt;member name="Id" source="inline" type="System.String" value="DOCNAME" field="" selection="false" index="0" /&gt;&lt;member name="Value" source="DOCNAME" type="System.Object" value="DOCNAME" field="DOCNAME" selection="false" index="0" /&gt;&lt;/member&gt;&lt;member name="UseBusinessCalendar" source="inline" type="System.Boolean" value="False" field="" selection="false" index="0" /&gt;&lt;/member&gt;&lt;member name="" source="" type="Agility.Sdk.Model.Calculations.CalculationScript" value="" field="" selection="false" index="0"&gt;&lt;member name="Script" source="inline" type="System.String" value="&amp;lt;?xml version=&amp;quot;1.0&amp;quot; encoding=&amp;quot;utf-16&amp;quot;?&amp;gt;&amp;lt;Rule xmlns:xsd=&amp;quot;http://www.w3.org/2001/XMLSchema&amp;quot; xmlns:xsi=&amp;quot;http://www.w3.org/2001/XMLSchema-instance&amp;quot;&amp;gt;&amp;lt;RuleInputs&amp;gt;&amp;lt;RuleInput&amp;gt;&amp;lt;Id&amp;gt;RESPONSESCORE&amp;lt;/Id&amp;gt;&amp;lt;Scope&amp;gt;None&amp;lt;/Scope&amp;gt;&amp;lt;VariableType&amp;gt;String&amp;lt;/VariableType&amp;gt;&amp;lt;/RuleInput&amp;gt;&amp;lt;/RuleInputs&amp;gt;&amp;lt;Script&amp;gt;¬RESPONSESCORE¬ &amp;lt;/Script&amp;gt;&amp;lt;RuleType&amp;gt;Expression&amp;lt;/RuleType&amp;gt;&amp;lt;/Rule&amp;gt;" field="" selection="false" index="0" /&gt;&lt;member name="Description" source="inline" type="System.String" value="" field="" selection="false" index="0" /&gt;&lt;member name="TargetVariable" source="" type="Agility.Sdk.Model.Variables.OutputVariable" value="" field="" selection="false" index="0"&gt;&lt;member name="Id" source="inline" type="System.String" value="RESULT" field="" selection="false" index="0" /&gt;&lt;member name="Value" source="RESULT" type="System.Object" value="RESULT" field="RESULT" selection="false" index="0" /&gt;&lt;/member&gt;&lt;member name="UseBusinessCalendar" source="inline" type="System.Boolean" value="False" field="" selection="false" index="0" /&gt;&lt;/member&gt;&lt;/member&gt;&lt;/param&gt;&lt;param direction="ret" source="" field="" datatype="Agility.Sdk.Model.Variables.OutputVariable[]" value="" name="Return Parameter" selection="false"&gt;&lt;member name="" source="" type="Agility.Sdk.Model.Variables.OutputVariable" value="" field="" selection="false" index="0"&gt;&lt;member name="Id" source="inline" type="System.String" value="DISPLAY_URL" field="" selection="false" index="0" /&gt;&lt;member name="Value" source="DISPLAY_URL" type="System.Object" value="DISPLAY_URL" field="DISPLAY_URL" selection="false" index="0" /&gt;&lt;/member&gt;&lt;member name="" source="" type="Agility.Sdk.Model.Variables.OutputVariable" value="" field="" selection="false" index="0"&gt;&lt;member name="Id" source="inline" type="System.String" value="DOCNAME" field="" selection="false" index="0" /&gt;&lt;member name="Value" source="DOCNAME" type="System.Object" value="DOCNAME" field="DOCNAME" selection="false" index="0" /&gt;&lt;/member&gt;&lt;member name="" source="" type="Agility.Sdk.Model.Variables.OutputVariable" value="" field="" selection="false" index="0"&gt;&lt;member name="Id" source="inline" type="System.String" value="RESULT" field="" selection="false" index="0" /&gt;&lt;member name="Value" source="RESULT" type="System.Object" value="RESULT" field="RESULT" selection="false" index="0" /&gt;&lt;/member&gt;&lt;/param&gt;&lt;/parameters&gt;</paramsmappingxmltag></dotnetactivity></dotnet><webservice /><activityinfo><useadvworkflowrules>0</useadvworkflowrules><seqactivityassignment>0</seqactivityassignment><concuractivityaccess>0</concuractivityaccess><noofusableresourcesreq>0</noofusableresourcesreq><exitcondition /><expandgroups>0</expandgroups><noofusableresourcesreqvarid /></activityinfo><categoryid>CB701CC0DB5E4B0FA23973BAF35AEC18</categoryid><poolid>0</poolid><activityruntimesettings>0</activityruntimesettings><activityragamberthreshold>0</activityragamberthreshold><activityragredthreshold>0</activityragredthreshold><activityragblackthreshold>0</activityragblackthreshold><activityragpurplethreshold>0</activityragpurplethreshold><form /><xmldata /><dataaccess /><getresourceinfo /><jobvariableinfo /><baminfo /><bpescalations /><preconditionslist /><preconditiontext></preconditiontext><startmethod>Method1</startmethod><classnamespace>MyNamespace.Class1</classnamespace><resetlimit>-1</resetlimit><activitytimedoutaction>0</activitytimedoutaction><suspendreasontext></suspendreasontext><suspendreasonvarid></suspendreasonvarid></activitydata></node><node><nodetype>1</nodetype><nodedata><processid>025B8B0B20D7796F4DFE3BBF0B415DE7</processid><version>8.000000</version><nodeid>3</nodeid><isstartnode>0</isstartnode><nodetype>1</nodetype><designtimetype>104</designtimetype><activationprobability>100</activationprobability><embeddedname></embeddedname><state /><statescope>0</statescope><activitymilestone></activitymilestone><activitymilestonescope>0</activitymilestonescope><activitypendmilestone></activitypendmilestone><activitypendmilestonescope>0</activitypendmilestonescope><activitydonemilestone></activitydonemilestone><activitydonemilestonescope>0</activitydonemilestonescope><nodependevent /><nodependeventscope>0</nodependeventscope><nodedoneevent /><nodedoneeventscope>0</nodedoneeventscope><titleposno>5</titleposno><embeddedproccount>0</embeddedproccount><iscustomnode>0</iscustomnode><designtimesettings>&lt;designtimesettings&gt;&lt;xposition&gt;385&lt;/xposition&gt;&lt;yposition&gt;350&lt;/yposition&gt;&lt;width&gt;90&lt;/width&gt;&lt;height&gt;60&lt;/height&gt;&lt;inheritcolorfromsystem&gt;True&lt;/inheritcolorfromsystem&gt;&lt;colour&gt;#FFB2DFDBFF&lt;/colour&gt;&lt;textposition&gt;Top&lt;/textposition&gt;&lt;conditionpathdescription /&gt;&lt;lane&gt;&lt;name /&gt;&lt;index&gt;0&lt;/index&gt;&lt;poolid /&gt;&lt;height&gt;0&lt;/height&gt;&lt;/lane&gt;&lt;annotations /&gt;&lt;attachments /&gt;&lt;resourcenotes /&gt;&lt;/designtimesettings&gt;</designtimesettings><attachments></attachments><annotations></annotations><dependants /><destinationnodes><destinationnode><nodeid>5</nodeid><nodetype>1</nodetype></destinationnode></destinationnodes><originnodes><originnode><nodeid>1</nodeid><nodetype>1</nodetype></originnode></originnodes><branchingrules /><runtimesettings>0</runtimesettings></nodedata><activitydata><inputvariables><inputvariable><varid>SPP_SYSTEM_SESSION_ID</varid></inputvariable><inputvariable><varid>SUBMISSIONID</varid></inputvariable><inputvariable><varid>DISPLAYURLEXPIRYDURATIONINSECS</varid></inputvariable><inputvariable><varid>ID</varid></inputvariable><inputvariable><varid>DISPLAY_URL</varid></inputvariable><inputvariable><varid>RETURNMESSAGE</varid></inputvariable></inputvariables><outputvariables /><requiredresources /><usableresources /><dynamicresourcesdata><overwriteusableresources>0</overwriteusableresources><dynamicresourcesvariables /></dynamicresourcesdata><targettime>0</targettime><delaytime>0</delaytime><expectedcost>0.000000</expectedcost><securitylevel>10</securitylevel><skilllevel>10</skilllevel><useprevioususer>0</useprevioususer><tasktype>7</tasktype><priority>1</priority><automatic>1</automatic><trackstorejvh>0</trackstorejvh><usesameasprevious>0</usesameasprevious><taskid>0</taskid><usesameasprevioustype>0</usesameasprevioustype><fixedcost>0.000000</fixedcost><taskname>Create Presigned URL</taskname><resourceid /><createdby>87DD001C80BF4DC583434A8F9C3AE5B6</createdby><purpose></purpose><description></description><script>using System; 
using Agility.Server.Scripting.ScriptAssembly;
 
namespace MyNamespace
{
    
 public class Class1
 {
  public Class1() 
  {
  }
 
  [StartMethodAttribute()] 
  public void Method1(ScriptParameters sp) 
  {

string typetext = sp.InputVariables[&amp;quot;MIMETYPE&amp;quot;];
	int pos = typetext .LastIndexOf(&amp;quot;/&amp;quot;) + 1;
sp.OutputVariables[&amp;quot;FILEEXTENSION&amp;quot;] =typetext .Substring(pos,typetext .Length - pos);


  }
 }
}</script><processid /><creationdate>2022-02-09T23:24:13.45716</creationdate><transactionalinfo /><createnewjobinfo><cnjprocessid></cnjprocessid><initparams></initparams><outputs></outputs><varid></varid><jobtype>0</jobtype><reftype>0</reftype></createnewjobinfo><scriptprogid>CSHARP</scriptprogid><preloadscript>1</preloadscript><assocfile></assocfile><designinfo /><sleepinfo>0</sleepinfo><jobowneridinfo></jobowneridinfo><jobownervaridinfo></jobownervaridinfo><negativelagtime>0</negativelagtime><dynduedate>0</dynduedate><dynduedatevar /><dyntargetdurationvar /><sendemail>0</sendemail><emailto>0</emailto><subjecttext></subjecttext><subjectvar></subjectvar><contenttext></contenttext><contentvar></contentvar><urltext></urltext><urlvar></urlvar><appendassocfile>0</appendassocfile><dotnet><dotnetactivity><assemblyid>TotalAgility.Sdk.dll</assemblyid><assemblyloadtype>0</assemblyloadtype><assemblyname>TotalAgility.Sdk.dll</assemblyname><classname>TotalAgility.Sdk.ServerService</classname><methodname>ExecuteRestfulWebService</methodname><duplicatemethodno>1</duplicatemethodno><noofparams>0</noofparams><paramsmappingxmltag>&lt;parameters&gt;&lt;param direction="in" source="SPP_SYSTEM_SESSION_ID" field="SPP_SYSTEM_SESSION_ID" datatype="System.String" value="SPP_SYSTEM_SESSION_ID" name="sessionId" selection="false" /&gt;&lt;param direction="in" datatype="Agility.Sdk.Model.References.WebServices.RestfulService" name="restfulService" selection="false"&gt;&lt;member name="CategoryId" source="inline" type="System.String" value="EE3E6CC9049D4EE0BCD444A26C1EF452" field="" selection="false" index="0" /&gt;&lt;member name="WebServiceId" source="inline" type="System.String" value="120188AA77AB424798E8E9C2A997C847" field="" selection="false" index="0" /&gt;&lt;member name="HttpVerb" source="inline" type="System.Int16" value="1" field="" selection="false" index="0" /&gt;&lt;member name="Uri" source="inline" type="System.String" value="&amp;lt;?xml version=&amp;quot;1.0&amp;quot; encoding=&amp;quot;utf-16&amp;quot;?&amp;gt;&amp;lt;Rule xmlns:xsd=&amp;quot;http://www.w3.org/2001/XMLSchema&amp;quot; xmlns:xsi=&amp;quot;http://www.w3.org/2001/XMLSchema-instance&amp;quot;&amp;gt;&amp;lt;RuleInputs&amp;gt;&amp;lt;RuleInput&amp;gt;&amp;lt;Id&amp;gt;SUBMISSIONID&amp;lt;/Id&amp;gt;&amp;lt;Scope&amp;gt;None&amp;lt;/Scope&amp;gt;&amp;lt;VariableType&amp;gt;String&amp;lt;/VariableType&amp;gt;&amp;lt;/RuleInput&amp;gt;&amp;lt;/RuleInputs&amp;gt;&amp;lt;Script&amp;gt;¬SUBMISSIONID¬&amp;lt;/Script&amp;gt;&amp;lt;RuleType&amp;gt;RestService&amp;lt;/RuleType&amp;gt;&amp;lt;/Rule&amp;gt;" field="" selection="false" index="0" /&gt;&lt;member name="Request" source="inline" type="System.String" value="&amp;lt;?xml version=&amp;quot;1.0&amp;quot; encoding=&amp;quot;utf-16&amp;quot;?&amp;gt;&amp;lt;Rule xmlns:xsd=&amp;quot;http://www.w3.org/2001/XMLSchema&amp;quot; xmlns:xsi=&amp;quot;http://www.w3.org/2001/XMLSchema-instance&amp;quot;&amp;gt;&amp;lt;RuleInputs&amp;gt;&amp;lt;RuleInput&amp;gt;&amp;lt;Id&amp;gt;DISPLAYURLEXPIRYDURATIONINSECS&amp;lt;/Id&amp;gt;&amp;lt;Scope&amp;gt;None&amp;lt;/Scope&amp;gt;&amp;lt;VariableType&amp;gt;Long&amp;lt;/VariableType&amp;gt;&amp;lt;/RuleInput&amp;gt;&amp;lt;/RuleInputs&amp;gt;&amp;lt;Script&amp;gt;{&amp;#xD;&amp;#xA;    &amp;quot;expiration&amp;quot;: ¬DISPLAYURLEXPIRYDURATIONINSECS¬&amp;#xD;&amp;#xA;}&amp;lt;/Script&amp;gt;&amp;lt;RuleType&amp;gt;RestService&amp;lt;/RuleType&amp;gt;&amp;lt;/Rule&amp;gt;" field="" selection="false" index="0" /&gt;&lt;member name="RequestType" source="inline" type="System.Int16" value="1" field="" selection="false" index="0" /&gt;&lt;member name="SuspendJobOnError" source="inline" type="System.Boolean" value="False" field="" selection="false" index="0" /&gt;&lt;member name="WebServiceName" source="inline" type="System.String" value="DocTamperingPresignURL" field="" selection="false" index="0" /&gt;&lt;/param&gt;&lt;param direction="in" datatype="Agility.Sdk.Model.References.WebServices.RestfulServiceInput[]" name="inputs" selection="false"&gt;&lt;member source="" type="Agility.Sdk.Model.References.WebServices.RestfulServiceInput" field="" selection="false" index="0"&gt;&lt;member name="Name" source="inline" type="System.String" value="SUBMISSIONID" field="" selection="false" index="0" /&gt;&lt;member name="WebServiceType" source="inline" type="System.Int16" value="0" field="" selection="false" index="0" /&gt;&lt;member name="Value" source="SUBMISSIONID" type="System.Object" value="SUBMISSIONID" field="SUBMISSIONID" selection="false" index="0" /&gt;&lt;/member&gt;&lt;member source="" type="Agility.Sdk.Model.References.WebServices.RestfulServiceInput" field="" selection="false" index="0"&gt;&lt;member name="Name" source="inline" type="System.String" value="DISPLAYURLEXPIRYDURATIONINSECS" field="" selection="false" index="0" /&gt;&lt;member name="WebServiceType" source="inline" type="System.Int16" value="0" field="" selection="false" index="0" /&gt;&lt;member name="Value" source="DISPLAYURLEXPIRYDURATIONINSECS" type="System.Object" value="DISPLAYURLEXPIRYDURATIONINSECS" field="DISPLAYURLEXPIRYDURATIONINSECS" selection="false" index="0" /&gt;&lt;/member&gt;&lt;/param&gt;&lt;param direction="in" datatype="Agility.Sdk.Model.References.WebServices.RestfulServiceExpression[]" name="expressions" selection="false"&gt;&lt;member source="" type="Agility.Sdk.Model.References.WebServices.RestfulServiceExpression" field="" selection="false" index="0"&gt;&lt;member name="Path" source="inline" type="System.String" value="id" field="" selection="false" index="0" /&gt;&lt;member name="Value" source="ID" type="System.Object" value="ID" field="ID" selection="false" index="0" /&gt;&lt;/member&gt;&lt;member source="" type="Agility.Sdk.Model.References.WebServices.RestfulServiceExpression" field="" selection="false" index="0"&gt;&lt;member name="Path" source="inline" type="System.String" value="presigned_url" field="" selection="false" index="0" /&gt;&lt;member name="Value" source="DISPLAY_URL" type="System.Object" value="DISPLAY_URL" field="DISPLAY_URL" selection="false" index="0" /&gt;&lt;/member&gt;&lt;member source="" type="Agility.Sdk.Model.References.WebServices.RestfulServiceExpression" field="" selection="false" index="0"&gt;&lt;member name="Path" source="inline" type="System.String" value="message" field="" selection="false" index="0" /&gt;&lt;member name="Value" source="RETURNMESSAGE" type="System.Object" value="RETURNMESSAGE" field="RETURNMESSAGE" selection="false" index="0" /&gt;&lt;/member&gt;&lt;/param&gt;&lt;param direction="ret" datatype="Agility.Sdk.Model.References.WebServices.RestfulServiceOutput" name="restfulServiceOutputEntity" selection="false"&gt;&lt;member name="Response" source="inline" type="System.String" value="" field="" selection="false" index="0" /&gt;&lt;member name="ErrorCode" source="" type="System.Int16" field="" selection="false" index="0" /&gt;&lt;member name="Expressions" source="inline" type="Agility.Sdk.Model.References.WebServices.RestfulServiceExpression[]" field="" selection="false" index="0"&gt;&lt;member source="" type="Agility.Sdk.Model.References.WebServices.RestfulServiceExpression" field="" selection="false" index="0"&gt;&lt;member name="Value" source="ID" type="System.Object" value="ID" field="ID" selection="false" index="0" /&gt;&lt;/member&gt;&lt;member source="" type="Agility.Sdk.Model.References.WebServices.RestfulServiceExpression" field="" selection="false" index="0"&gt;&lt;member name="Value" source="DISPLAY_URL" type="System.Object" value="DISPLAY_URL" field="DISPLAY_URL" selection="false" index="0" /&gt;&lt;/member&gt;&lt;member source="" type="Agility.Sdk.Model.References.WebServices.RestfulServiceExpression" field="" selection="false" index="0"&gt;&lt;member name="Value" source="RETURNMESSAGE" type="System.Object" value="RETURNMESSAGE" field="RETURNMESSAGE" selection="false" index="0" /&gt;&lt;/member&gt;&lt;/member&gt;&lt;/param&gt;&lt;/parameters&gt;</paramsmappingxmltag></dotnetactivity></dotnet><webservice /><activityinfo><useadvworkflowrules>0</useadvworkflowrules><seqactivityassignment>0</seqactivityassignment><concuractivityaccess>0</concuractivityaccess><noofusableresourcesreq>0</noofusableresourcesreq><exitcondition /><expandgroups>0</expandgroups><noofusableresourcesreqvarid /></activityinfo><categoryid>CB701CC0DB5E4B0FA23973BAF35AEC18</categoryid><poolid>0</poolid><activityruntimesettings>0</activityruntimesettings><activityragamberthreshold>0</activityragamberthreshold><activityragredthreshold>0</activityragredthreshold><activityragblackthreshold>0</activityragblackthreshold><activityragpurplethreshold>0</activityragpurplethreshold><form /><xmldata /><dataaccess /><getresourceinfo /><jobvariableinfo /><baminfo /><bpescalations /><preconditionslist /><preconditiontext></preconditiontext><startmethod>Method1</startmethod><classnamespace>MyNamespace.Class1</classnamespace><resetlimit>-1</resetlimit><activitytimedoutaction>0</activitytimedoutaction><suspendreasontext></suspendreasontext><suspendreasonvarid></suspendreasonvarid></activitydata></node><node><nodetype>6</nodetype><nodedata><processid>025B8B0B20D7796F4DFE3BBF0B415DE7</processid><version>8.000000</version><nodeid>4</nodeid><isstartnode>0</isstartnode><nodetype>6</nodetype><designtimetype>0</designtimetype><activationprobability>100</activationprobability><embeddedname></embeddedname><state /><statescope>0</statescope><activitymilestone /><activitymilestonescope>0</activitymilestonescope><activitypendmilestone></activitypendmilestone><activitypendmilestonescope>0</activitypendmilestonescope><activitydonemilestone></activitydonemilestone><activitydonemilestonescope>0</activitydonemilestonescope><nodependevent /><nodependeventscope>0</nodependeventscope><nodedoneevent /><nodedoneeventscope>0</nodedoneeventscope><titleposno>5</titleposno><embeddedproccount>0</embeddedproccount><iscustomnode>0</iscustomnode><designtimesettings>&lt;designtimesettings&gt;&lt;xposition&gt;550&lt;/xposition&gt;&lt;yposition&gt;350&lt;/yposition&gt;&lt;width&gt;30&lt;/width&gt;&lt;height&gt;30&lt;/height&gt;&lt;inheritcolorfromsystem&gt;True&lt;/inheritcolorfromsystem&gt;&lt;colour&gt;#FF9B0000&lt;/colour&gt;&lt;eventtype&gt;Default&lt;/eventtype&gt;&lt;name&gt;End&lt;/name&gt;&lt;textposition&gt;Top&lt;/textposition&gt;&lt;conditionpathdescription /&gt;&lt;lane&gt;&lt;name /&gt;&lt;index&gt;0&lt;/index&gt;&lt;poolid /&gt;&lt;height&gt;0&lt;/height&gt;&lt;/lane&gt;&lt;annotations /&gt;&lt;attachments /&gt;&lt;/designtimesettings&gt;</designtimesettings><attachments></attachments><annotations></annotations><dependants /><destinationnodes /><originnodes><originnode><nodeid>2</nodeid><nodetype>6</nodetype></originnode><originnode><nodeid>5</nodeid><nodetype>6</nodetype></originnode></originnodes><branchingrules /><runtimesettings>0</runtimesettings></nodedata></node><node><nodetype>1</nodetype><nodedata><processid>025B8B0B20D7796F4DFE3BBF0B415DE7</processid><version>8.000000</version><nodeid>5</nodeid><isstartnode>0</isstartnode><nodetype>1</nodetype><designtimetype>33</designtimetype><activationprobability>100</activationprobability><embeddedname></embeddedname><state /><statescope>0</statescope><activitymilestone></activitymilestone><activitymilestonescope>0</activitymilestonescope><activitypendmilestone></activitypendmilestone><activitypendmilestonescope>0</activitypendmilestonescope><activitydonemilestone></activitydonemilestone><activitydonemilestonescope>0</activitydonemilestonescope><nodependevent /><nodependeventscope>0</nodependeventscope><nodedoneevent /><nodedoneeventscope>0</nodedoneeventscope><titleposno>5</titleposno><embeddedproccount>0</embeddedproccount><iscustomnode>0</iscustomnode><designtimesettings>&lt;designtimesettings&gt;&lt;xposition&gt;490&lt;/xposition&gt;&lt;yposition&gt;487&lt;/yposition&gt;&lt;width&gt;90&lt;/width&gt;&lt;height&gt;60&lt;/height&gt;&lt;inheritcolorfromsystem&gt;True&lt;/inheritcolorfromsystem&gt;&lt;colour&gt;#FFF2F2F2FF&lt;/colour&gt;&lt;textposition&gt;Top&lt;/textposition&gt;&lt;conditionpathdescription /&gt;&lt;lane&gt;&lt;name /&gt;&lt;index&gt;0&lt;/index&gt;&lt;poolid /&gt;&lt;height&gt;0&lt;/height&gt;&lt;/lane&gt;&lt;annotations /&gt;&lt;attachments /&gt;&lt;resourcenotes /&gt;&lt;/designtimesettings&gt;</designtimesettings><attachments></attachments><annotations></annotations><dependants /><destinationnodes><destinationnode><nodeid>4</nodeid><nodetype>6</nodetype></destinationnode></destinationnodes><originnodes><originnode><nodeid>3</nodeid><nodetype>1</nodetype></originnode></originnodes><branchingrules /><runtimesettings>0</runtimesettings></nodedata><activitydata><inputvariables><inputvariable><varid>SPP_SYSTEM_SESSION_ID</varid></inputvariable><inputvariable><varid>DOCNAME</varid></inputvariable><inputvariable><varid>DOC_1F8220766FAF42278F5CF8081DBF6D87</varid></inputvariable><inputvariable><varid>RESULT</varid></inputvariable><inputvariable><varid>RESPONSESCORE</varid></inputvariable></inputvariables><outputvariables /><requiredresources /><usableresources /><dynamicresourcesdata><overwriteusableresources>0</overwriteusableresources><dynamicresourcesvariables /></dynamicresourcesdata><targettime>0</targettime><delaytime>0</delaytime><expectedcost>0.000000</expectedcost><securitylevel>10</securitylevel><skilllevel>10</skilllevel><useprevioususer>0</useprevioususer><tasktype>7</tasktype><priority>1</priority><automatic>1</automatic><trackstorejvh>0</trackstorejvh><usesameasprevious>0</usesameasprevious><taskid>0</taskid><usesameasprevioustype>0</usesameasprevioustype><fixedcost>0.000000</fixedcost><taskname>Formulate DisplayURL</taskname><resourceid /><createdby>87DD001C80BF4DC583434A8F9C3AE5B6</createdby><purpose></purpose><description></description><script>using System; 
using Agility.Server.Scripting.ScriptAssembly;
 
namespace MyNamespace
{
    
 public class Class1
 {
  public Class1() 
  {
  }
 
  [StartMethodAttribute()] 
  public void Method1(ScriptParameters sp) 
  {

string typetext = sp.InputVariables[&amp;quot;MIMETYPE&amp;quot;];
	int pos = typetext .LastIndexOf(&amp;quot;/&amp;quot;) + 1;
sp.OutputVariables[&amp;quot;FILEEXTENSION&amp;quot;] =typetext .Substring(pos,typetext .Length - pos);


  }
 }
}</script><processid /><creationdate>2022-02-09T23:24:13.45716</creationdate><transactionalinfo /><createnewjobinfo><cnjprocessid></cnjprocessid><initparams></initparams><outputs></outputs><varid></varid><jobtype>0</jobtype><reftype>0</reftype></createnewjobinfo><scriptprogid>CSHARP</scriptprogid><preloadscript>1</preloadscript><assocfile></assocfile><designinfo /><sleepinfo>0</sleepinfo><jobowneridinfo></jobowneridinfo><jobownervaridinfo></jobownervaridinfo><negativelagtime>0</negativelagtime><dynduedate>0</dynduedate><dynduedatevar /><dyntargetdurationvar /><sendemail>0</sendemail><emailto>0</emailto><subjecttext></subjecttext><subjectvar></subjectvar><contenttext></contenttext><contentvar></contentvar><urltext></urltext><urlvar></urlvar><appendassocfile>0</appendassocfile><dotnet><dotnetactivity><assemblyid>TotalAgility.Sdk.dll</assemblyid><assemblyloadtype>0</assemblyloadtype><assemblyname>TotalAgility.Sdk.dll</assemblyname><classname>TotalAgility.Sdk.ServerService</classname><methodname>ExecuteCalculationNode</methodname><duplicatemethodno>1</duplicatemethodno><noofparams>0</noofparams><paramsmappingxmltag>&lt;parameters&gt;&lt;param direction="in" source="SPP_SYSTEM_SESSION_ID" field="SPP_SYSTEM_SESSION_ID" datatype="System.String" value="SPP_SYSTEM_SESSION_ID" name="sessionId" selection="false" /&gt;&lt;param direction="in" source="" field="" datatype="Agility.Sdk.Model.Calculations.CalculationNode" value="" name="CalculationNode" selection="false"&gt;&lt;member name="ProcessActivityIdentity" source="" type="Agility.Sdk.Model.Activities.ProcessActivityIdentity" value="" field="" selection="false" index="0"&gt;&lt;member name="ProcessIdentity" source="" type="Agility.Sdk.Model.Processes.ProcessIdentity" value="" field="" selection="false" index="0"&gt;&lt;member name="Id" source="inline" type="System.String" value="025B8B0B20D7796F4DFE3BBF0B415DE7" field="" selection="false" index="0" /&gt;&lt;member name="Name" source="inline" type="System.String" value="Get Display URL" field="" selection="false" index="0" /&gt;&lt;member name="Version" source="inline" type="System.Double" value="8" field="" selection="false" index="0" /&gt;&lt;/member&gt;&lt;member name="NodeId" source="inline" type="System.Int16" value="5" field="" selection="false" index="0" /&gt;&lt;member name="ActivityName" source="inline" type="System.String" value="Formulate DisplayURL" field="" selection="false" index="0" /&gt;&lt;/member&gt;&lt;member name="InputVariables" source="" type="Agility.Sdk.Model.Variables.InputVariable[]" value="" field="" selection="false" index="0"&gt;&lt;member name="" source="" type="Agility.Sdk.Model.Variables.InputVariable" value="" field="" selection="false" index="0"&gt;&lt;member name="Id" source="inline" type="System.String" value="SPP_SYSTEM_SESSION_ID" field="" selection="false" index="0" /&gt;&lt;member name="Value" source="SPP_SYSTEM_SESSION_ID" type="System.Object" value="SPP_SYSTEM_SESSION_ID" field="SPP_SYSTEM_SESSION_ID" selection="false" index="0" /&gt;&lt;/member&gt;&lt;member name="" source="" type="Agility.Sdk.Model.Variables.InputVariable" value="" field="" selection="false" index="0"&gt;&lt;member name="Id" source="inline" type="System.String" value="DOCNAME" field="" selection="false" index="0" /&gt;&lt;member name="Value" source="DOCNAME" type="System.Object" value="DOCNAME" field="DOCNAME" selection="false" index="0" /&gt;&lt;/member&gt;&lt;member name="" source="" type="Agility.Sdk.Model.Variables.InputVariable" value="" field="" selection="false" index="0"&gt;&lt;member name="Id" source="inline" type="System.String" value="DOC_1F8220766FAF42278F5CF8081DBF6D87" field="" selection="false" index="0" /&gt;&lt;member name="Value" source="DOC_1F8220766FAF42278F5CF8081DBF6D87" type="System.Object" value="DOC_1F8220766FAF42278F5CF8081DBF6D87" field="DOC_1F8220766FAF42278F5CF8081DBF6D87" selection="false" index="0" /&gt;&lt;/member&gt;&lt;member name="" source="" type="Agility.Sdk.Model.Variables.InputVariable" value="" field="" selection="false" index="0"&gt;&lt;member name="Id" source="inline" type="System.String" value="RESULT" field="" selection="false" index="0" /&gt;&lt;member name="Value" source="RESULT" type="System.Object" value="RESULT" field="RESULT" selection="false" index="0" /&gt;&lt;/member&gt;&lt;member name="" source="" type="Agility.Sdk.Model.Variables.InputVariable" value="" field="" selection="false" index="0"&gt;&lt;member name="Id" source="inline" type="System.String" value="RESPONSESCORE" field="" selection="false" index="0" /&gt;&lt;member name="Value" source="RESPONSESCORE" type="System.Object" value="RESPONSESCORE" field="RESPONSESCORE" selection="false" index="0" /&gt;&lt;/member&gt;&lt;/member&gt;&lt;member name="CalculationScriptCollection" source="" type="Agility.Sdk.Model.Calculations.CalculationScript[]" value="" field="" selection="false" index="0"&gt;&lt;member name="" source="" type="Agility.Sdk.Model.Calculations.CalculationScript" value="" field="" selection="false" index="0"&gt;&lt;member name="Script" source="inline" type="System.String" value="&amp;lt;?xml version=&amp;quot;1.0&amp;quot; encoding=&amp;quot;utf-16&amp;quot;?&amp;gt;&amp;lt;Rule xmlns:xsd=&amp;quot;http://www.w3.org/2001/XMLSchema&amp;quot; xmlns:xsi=&amp;quot;http://www.w3.org/2001/XMLSchema-instance&amp;quot;&amp;gt;&amp;lt;RuleInputs&amp;gt;&amp;lt;RuleInput&amp;gt;&amp;lt;Id&amp;gt;DOC_1F8220766FAF42278F5CF8081DBF6D87&amp;lt;/Id&amp;gt;&amp;lt;Scope&amp;gt;None&amp;lt;/Scope&amp;gt;&amp;lt;VariableType&amp;gt;String&amp;lt;/VariableType&amp;gt;&amp;lt;/RuleInput&amp;gt;&amp;lt;/RuleInputs&amp;gt;&amp;lt;Script&amp;gt;¬DOC_1F8220766FAF42278F5CF8081DBF6D87¬ &amp;lt;/Script&amp;gt;&amp;lt;RuleType&amp;gt;Expression&amp;lt;/RuleType&amp;gt;&amp;lt;/Rule&amp;gt;" field="" selection="false" index="0" /&gt;&lt;member name="Description" source="inline" type="System.String" value="" field="" selection="false" index="0" /&gt;&lt;member name="TargetVariable" source="" type="Agility.Sdk.Model.Variables.OutputVariable" value="" field="" selection="false" index="0"&gt;&lt;member name="Id" source="inline" type="System.String" value="DOCNAME" field="" selection="false" index="0" /&gt;&lt;member name="Value" source="DOCNAME" type="System.Object" value="DOCNAME" field="DOCNAME" selection="false" index="0" /&gt;&lt;/member&gt;&lt;member name="UseBusinessCalendar" source="inline" type="System.Boolean" value="False" field="" selection="false" index="0" /&gt;&lt;/member&gt;&lt;member name="" source="" type="Agility.Sdk.Model.Calculations.CalculationScript" value="" field="" selection="false" index="0"&gt;&lt;member name="Script" source="inline" type="System.String" value="&amp;lt;?xml version=&amp;quot;1.0&amp;quot; encoding=&amp;quot;utf-16&amp;quot;?&amp;gt;&amp;lt;Rule xmlns:xsd=&amp;quot;http://www.w3.org/2001/XMLSchema&amp;quot; xmlns:xsi=&amp;quot;http://www.w3.org/2001/XMLSchema-instance&amp;quot;&amp;gt;&amp;lt;RuleInputs&amp;gt;&amp;lt;RuleInput&amp;gt;&amp;lt;Id&amp;gt;RESPONSESCORE&amp;lt;/Id&amp;gt;&amp;lt;Scope&amp;gt;None&amp;lt;/Scope&amp;gt;&amp;lt;VariableType&amp;gt;String&amp;lt;/VariableType&amp;gt;&amp;lt;/RuleInput&amp;gt;&amp;lt;/RuleInputs&amp;gt;&amp;lt;Script&amp;gt;¬RESPONSESCORE¬ &amp;lt;/Script&amp;gt;&amp;lt;RuleType&amp;gt;Expression&amp;lt;/RuleType&amp;gt;&amp;lt;/Rule&amp;gt;" field="" selection="false" index="0" /&gt;&lt;member name="Description" source="inline" type="System.String" value="" field="" selection="false" index="0" /&gt;&lt;member name="TargetVariable" source="" type="Agility.Sdk.Model.Variables.OutputVariable" value="" field="" selection="false" index="0"&gt;&lt;member name="Id" source="inline" type="System.String" value="RESULT" field="" selection="false" index="0" /&gt;&lt;member name="Value" source="RESULT" type="System.Object" value="RESULT" field="RESULT" selection="false" index="0" /&gt;&lt;/member&gt;&lt;member name="UseBusinessCalendar" source="inline" type="System.Boolean" value="False" field="" selection="false" index="0" /&gt;&lt;/member&gt;&lt;/member&gt;&lt;/param&gt;&lt;param direction="ret" source="" field="" datatype="Agility.Sdk.Model.Variables.OutputVariable[]" value="" name="Return Parameter" selection="false"&gt;&lt;member name="" source="" type="Agility.Sdk.Model.Variables.OutputVariable" value="" field="" selection="false" index="0"&gt;&lt;member name="Id" source="inline" type="System.String" value="DOCNAME" field="" selection="false" index="0" /&gt;&lt;member name="Value" source="DOCNAME" type="System.Object" value="DOCNAME" field="DOCNAME" selection="false" index="0" /&gt;&lt;/member&gt;&lt;member name="" source="" type="Agility.Sdk.Model.Variables.OutputVariable" value="" field="" selection="false" index="0"&gt;&lt;member name="Id" source="inline" type="System.String" value="RESULT" field="" selection="false" index="0" /&gt;&lt;member name="Value" source="RESULT" type="System.Object" value="RESULT" field="RESULT" selection="false" index="0" /&gt;&lt;/member&gt;&lt;/param&gt;&lt;/parameters&gt;</paramsmappingxmltag></dotnetactivity></dotnet><webservice /><activityinfo><useadvworkflowrules>0</useadvworkflowrules><seqactivityassignment>0</seqactivityassignment><concuractivityaccess>0</concuractivityaccess><noofusableresourcesreq>0</noofusableresourcesreq><exitcondition /><expandgroups>0</expandgroups><noofusableresourcesreqvarid /></activityinfo><categoryid>CB701CC0DB5E4B0FA23973BAF35AEC18</categoryid><poolid>0</poolid><activityruntimesettings>0</activityruntimesettings><activityragamberthreshold>0</activityragamberthreshold><activityragredthreshold>0</activityragredthreshold><activityragblackthreshold>0</activityragblackthreshold><activityragpurplethreshold>0</activityragpurplethreshold><form /><xmldata /><dataaccess /><getresourceinfo /><jobvariableinfo /><baminfo /><bpescalations /><preconditionslist /><preconditiontext></preconditiontext><startmethod>Method1</startmethod><classnamespace>MyNamespace.Class1</classnamespace><resetlimit>-1</resetlimit><activitytimedoutaction>0</activitytimedoutaction><suspendreasontext></suspendreasontext><suspendreasonvarid></suspendreasonvarid></activitydata></node></nodelist><documentprocessrulecollection /></processmap></processmaps>