<processmaps xmlns:dt="urn:schemas-microsoft-com:datatypes" dbversion="7.10" parentprocessmapversion="11.000000" parentprocessmapid="6606AE0096A764C5073928EB0AFE792E"><projectlist><project><projectid>C866CF4286EC370507832C08A4C11887</projectid><name>D365CE Case Form Classification Group</name><version>2</version><description></description><status>1</status><categoryid>E5EC21D22FE44AD0A037EF502836D380</categoryid><lastmodifiedprojectfile>2021-11-03T20:10:38</lastmodifiedprojectfile><lastmodifiedprojectfolder>0001-01-01T00:00:00</lastmodifiedprojectfolder><lastmodifieduser>4EFFC98F46854ABFA36177A564100FD0</lastmodifieduser><onlinelearningfolderid></onlinelearningfolderid><projecttype>1</projecttype><isonlinelearningenabled>0</isonlinelearningenabled><isseparationenabled>0</isseparationenabled><lockedbymodule>0</lockedbymodule><issimpleproject>0</issimpleproject><trainingsetpath></trainingsetpath><usedlicensefeatures>0</usedlicensefeatures><configurationset></configurationset><quickclassificationbasedoctypeid></quickclassificationbasedoctypeid></project><project><projectid>E1B587993FF7E9FE66704614FF0EDF5E</projectid><name>Case Forms</name><version>1</version><description></description><status>1</status><categoryid>E5EC21D22FE44AD0A037EF502836D380</categoryid><lastmodifiedprojectfile>2021-08-20T19:33:50</lastmodifiedprojectfile><lastmodifiedprojectfolder>0001-01-01T00:00:00</lastmodifiedprojectfolder><lastmodifieduser>4EFFC98F46854ABFA36177A564100FD0</lastmodifieduser><onlinelearningfolderid></onlinelearningfolderid><projecttype>2</projecttype><isonlinelearningenabled>0</isonlinelearningenabled><isseparationenabled>0</isseparationenabled><lockedbymodule>0</lockedbymodule><issimpleproject>0</issimpleproject><trainingsetpath></trainingsetpath><usedlicensefeatures>0</usedlicensefeatures><configurationset></configurationset><quickclassificationbasedoctypeid></quickclassificationbasedoctypeid></project></projectlist><webservices></webservices><projectlist><project><projectid>C866CF4286EC370507832C08A4C11887</projectid><name>D365CE Case Form Classification Group</name><version>2</version><description></description><status>1</status><categoryid>E5EC21D22FE44AD0A037EF502836D380</categoryid><lastmodifiedprojectfile>2021-11-03T20:10:38</lastmodifiedprojectfile><lastmodifiedprojectfolder>0001-01-01T00:00:00</lastmodifiedprojectfolder><lastmodifieduser>4EFFC98F46854ABFA36177A564100FD0</lastmodifieduser><onlinelearningfolderid></onlinelearningfolderid><projecttype>1</projecttype><isonlinelearningenabled>0</isonlinelearningenabled><isseparationenabled>0</isseparationenabled><lockedbymodule>0</lockedbymodule><issimpleproject>0</issimpleproject><trainingsetpath></trainingsetpath><usedlicensefeatures>0</usedlicensefeatures><configurationset></configurationset><quickclassificationbasedoctypeid></quickclassificationbasedoctypeid></project><project><projectid>E1B587993FF7E9FE66704614FF0EDF5E</projectid><name>Case Forms</name><version>1</version><description></description><status>1</status><categoryid>E5EC21D22FE44AD0A037EF502836D380</categoryid><lastmodifiedprojectfile>2021-08-20T19:33:50</lastmodifiedprojectfile><lastmodifiedprojectfolder>0001-01-01T00:00:00</lastmodifiedprojectfolder><lastmodifieduser>4EFFC98F46854ABFA36177A564100FD0</lastmodifieduser><onlinelearningfolderid></onlinelearningfolderid><projecttype>2</projecttype><isonlinelearningenabled>0</isonlinelearningenabled><isseparationenabled>0</isseparationenabled><lockedbymodule>0</lockedbymodule><issimpleproject>0</issimpleproject><trainingsetpath></trainingsetpath><usedlicensefeatures>0</usedlicensefeatures><configurationset></configurationset><quickclassificationbasedoctypeid></quickclassificationbasedoctypeid></project></projectlist><processmap><procdata><mapid>6606AE0096A764C5073928EB0AFE792E</mapid><mapname>Case Form to D365CE</mapname><mapauthor>Adam Sawyers</mapauthor><mapauthorid>4EFFC98F46854ABFA36177A564100FD0</mapauthorid><maptrackstorejvh>0</maptrackstorejvh><helptext></helptext><lastmodified>2C90EEF0FEC5474AA18CFC3B931EDF1B</lastmodified><allocationalgorithm>0</allocationalgorithm><arrowstyle>0</arrowstyle><arrowweighting>0</arrowweighting><designtimesettings>&lt;designtimesettings&gt;&lt;annotations&gt;&lt;annotation&gt;&lt;xposition&gt;184&lt;/xposition&gt;&lt;yposition&gt;731.166687011719&lt;/yposition&gt;&lt;height&gt;110&lt;/height&gt;&lt;width&gt;150&lt;/width&gt;&lt;text&gt;Converts document from current format to TIF (usually better results)&lt;/text&gt;&lt;id&gt;CEFDB10FF61349F10F79B1B2B28A461F&lt;/id&gt;&lt;lane&gt;&lt;name /&gt;&lt;index&gt;0&lt;/index&gt;&lt;poolid /&gt;&lt;/lane&gt;&lt;/annotation&gt;&lt;annotation&gt;&lt;xposition&gt;355&lt;/xposition&gt;&lt;yposition&gt;731.166687011719&lt;/yposition&gt;&lt;height&gt;110&lt;/height&gt;&lt;width&gt;150&lt;/width&gt;&lt;text&gt;Determines document type (e.x. an order form from Company X)&lt;/text&gt;&lt;id&gt;8736DB0A4B9F71F2C22E4204989B78E8&lt;/id&gt;&lt;lane&gt;&lt;name /&gt;&lt;index&gt;0&lt;/index&gt;&lt;poolid /&gt;&lt;/lane&gt;&lt;/annotation&gt;&lt;annotation&gt;&lt;xposition&gt;525&lt;/xposition&gt;&lt;yposition&gt;731.166687011719&lt;/yposition&gt;&lt;height&gt;110&lt;/height&gt;&lt;width&gt;150&lt;/width&gt;&lt;text&gt;Extracts the data from the document&lt;/text&gt;&lt;id&gt;4D40E4C7E8BE93BB75F441931591EC3D&lt;/id&gt;&lt;lane&gt;&lt;name /&gt;&lt;index&gt;0&lt;/index&gt;&lt;poolid /&gt;&lt;/lane&gt;&lt;/annotation&gt;&lt;annotation&gt;&lt;xposition&gt;695&lt;/xposition&gt;&lt;yposition&gt;731.166687011719&lt;/yposition&gt;&lt;height&gt;110&lt;/height&gt;&lt;width&gt;150&lt;/width&gt;&lt;text&gt;Human-in-the-loop step to review the extracted information as needed&lt;/text&gt;&lt;id&gt;5AD1BF4A12A81C91A8A9A1FA463CDD58&lt;/id&gt;&lt;lane&gt;&lt;name /&gt;&lt;index&gt;0&lt;/index&gt;&lt;poolid /&gt;&lt;/lane&gt;&lt;/annotation&gt;&lt;annotation&gt;&lt;xposition&gt;865&lt;/xposition&gt;&lt;yposition&gt;731.166687011719&lt;/yposition&gt;&lt;height&gt;110&lt;/height&gt;&lt;width&gt;150&lt;/width&gt;&lt;text&gt;Iterates through the documents you uploaded (multiple document uploads are supported)&lt;/text&gt;&lt;id&gt;2243FF317597276D7654C236ECD92CCE&lt;/id&gt;&lt;lane&gt;&lt;name /&gt;&lt;index&gt;0&lt;/index&gt;&lt;poolid /&gt;&lt;/lane&gt;&lt;/annotation&gt;&lt;annotation&gt;&lt;xposition&gt;1175&lt;/xposition&gt;&lt;yposition&gt;379.166687011719&lt;/yposition&gt;&lt;height&gt;110&lt;/height&gt;&lt;width&gt;150&lt;/width&gt;&lt;text&gt;Complete any data transformation needed (e.x. converting a date from MM/DD/YYYY to DD/MM/YYYY)&lt;/text&gt;&lt;id&gt;6234C80510B71611B2F135D72083A5B2&lt;/id&gt;&lt;lane&gt;&lt;name /&gt;&lt;index&gt;0&lt;/index&gt;&lt;poolid /&gt;&lt;/lane&gt;&lt;/annotation&gt;&lt;annotation&gt;&lt;xposition&gt;1345&lt;/xposition&gt;&lt;yposition&gt;676.166687011719&lt;/yposition&gt;&lt;height&gt;110&lt;/height&gt;&lt;width&gt;150&lt;/width&gt;&lt;text&gt;Calls the D365 Connector as a custom service to create a case&lt;/text&gt;&lt;id&gt;6A61AC0D9E089C959C30F30A173F525A&lt;/id&gt;&lt;lane&gt;&lt;name /&gt;&lt;index&gt;0&lt;/index&gt;&lt;poolid /&gt;&lt;/lane&gt;&lt;/annotation&gt;&lt;annotation&gt;&lt;xposition&gt;1515&lt;/xposition&gt;&lt;yposition&gt;378.166687011719&lt;/yposition&gt;&lt;height&gt;110&lt;/height&gt;&lt;width&gt;150&lt;/width&gt;&lt;text&gt;Form to display the success or failure of creating the case in D365 CE&lt;/text&gt;&lt;id&gt;ADE019645A847359D62B2C9811A2AF3B&lt;/id&gt;&lt;lane&gt;&lt;name /&gt;&lt;index&gt;0&lt;/index&gt;&lt;poolid /&gt;&lt;/lane&gt;&lt;/annotation&gt;&lt;/annotations&gt;&lt;attachments /&gt;&lt;collaborationnodes /&gt;&lt;groupartifacts /&gt;&lt;pools&gt;&lt;pool&gt;&lt;xposition&gt;25&lt;/xposition&gt;&lt;yposition&gt;25&lt;/yposition&gt;&lt;width&gt;1400&lt;/width&gt;&lt;height&gt;600&lt;/height&gt;&lt;name&gt;New process&lt;/name&gt;&lt;id&gt;630B62A9665D50EDC44A634626554C09&lt;/id&gt;&lt;type&gt;0&lt;/type&gt;&lt;lanes&gt;&lt;lane&gt;&lt;name&gt;Lane1&lt;/name&gt;&lt;index&gt;0&lt;/index&gt;&lt;poolid&gt;630B62A9665D50EDC44A634626554C09&lt;/poolid&gt;&lt;height&gt;600&lt;/height&gt;&lt;/lane&gt;&lt;/lanes&gt;&lt;/pool&gt;&lt;/pools&gt;&lt;messageflows /&gt;&lt;layoutdirection&gt;Horizontal&lt;/layoutdirection&gt;&lt;layouttype&gt;ProcessTree&lt;/layouttype&gt;&lt;zoomfactor&gt;100&lt;/zoomfactor&gt;&lt;viewactivitycost&gt;False&lt;/viewactivitycost&gt;&lt;viewactivityduration&gt;False&lt;/viewactivityduration&gt;&lt;viewactivityresources&gt;False&lt;/viewactivityresources&gt;&lt;viewgroups&gt;False&lt;/viewgroups&gt;&lt;viewpools&gt;False&lt;/viewpools&gt;&lt;compatiblewithallcasedefversions&gt;0&lt;/compatiblewithallcasedefversions&gt;&lt;startnodes&gt;&lt;startnode&gt;&lt;designtimesettings&gt;&lt;xposition&gt;45&lt;/xposition&gt;&lt;yposition&gt;586.166687011719&lt;/yposition&gt;&lt;width&gt;30&lt;/width&gt;&lt;height&gt;30&lt;/height&gt;&lt;inheritcolorfromsystem&gt;True&lt;/inheritcolorfromsystem&gt;&lt;colour&gt;#62A716&lt;/colour&gt;&lt;eventtype&gt;Default&lt;/eventtype&gt;&lt;name&gt;Start&lt;/name&gt;&lt;textposition&gt;Top&lt;/textposition&gt;&lt;conditionpathdescription /&gt;&lt;lane&gt;&lt;name /&gt;&lt;index&gt;0&lt;/index&gt;&lt;poolid /&gt;&lt;height&gt;0&lt;/height&gt;&lt;/lane&gt;&lt;annotations /&gt;&lt;attachments /&gt;&lt;/designtimesettings&gt;&lt;/startnode&gt;&lt;/startnodes&gt;&lt;redraw&gt;False&lt;/redraw&gt;&lt;/designtimesettings&gt;</designtimesettings><attachments></attachments><annotations><annotation><text>Converts document from current format to TIF (usually better results)</text></annotation><annotation><text>Determines document type (e.x. an order form from Company X)</text></annotation><annotation><text>Extracts the data from the document</text></annotation><annotation><text>Human-in-the-loop step to review the extracted information as needed</text></annotation><annotation><text>Iterates through the documents you uploaded (multiple document uploads are supported)</text></annotation><annotation><text>Complete any data transformation needed (e.x. converting a date from MM/DD/YYYY to DD/MM/YYYY)</text></annotation><annotation><text>Calls the D365 Connector as a custom service to create a case</text></annotation><annotation><text>Form to display the success or failure of creating the case in D365 CE</text></annotation></annotations><formsections></formsections><form></form><categoryid>E5EC21D22FE44AD0A037EF502836D380</categoryid><targetdays>3</targetdays><targethours>0</targethours><targetmins>0</targetmins><targetsecs>0</targetsecs><priority>1</priority><transactional>0</transactional><backgroundcolour>0</backgroundcolour><version>11.000000</version><cost>0.000000</cost><creationdate>2021-08-20T19:51:27</creationdate><changedate>2021-08-31T14:37:40</changedate><description></description><status>2</status><newmap>0</newmap><archivefinishedjobs>1</archivefinishedjobs><straightthrough>0</straightthrough><poolid>0</poolid><dynexpfinishtimevar></dynexpfinishtimevar><mapmilestonesrvstdtag /><mapmilestonescopetag>0</mapmilestonescopetag><mapmilestonetag /><dynamicbudget></dynamicbudget><budget>0.000000</budget><processtype>0</processtype><processtypestring>BusinessProcess</processtypestring><associatedcaseid></associatedcaseid><associatedcase></associatedcase><latestcaseversion>0.000000</latestcaseversion><prefixvariable>0</prefixvariable><completioneventmapid></completioneventmapid><completioneventmapname></completioneventmapname><assocjobsoncompletion>0</assocjobsoncompletion><sendemail>0</sendemail><emailto>0</emailto><subjecttext></subjecttext><subjectvar></subjectvar><contenttext></contenttext><contentvar></contentvar><urltext></urltext><urlvar></urlvar><appendassocfile>0</appendassocfile><initialisationvariables><initialisationvariable><varname>DOCFOLDER</varname></initialisationvariable></initialisationvariables><outputvariables /><maintenanceaccess><resource><resourcetype>3</resourcetype><resourcename>Everyone</resourcename><resourceid>7DF43CCDF24611D2804B00104B71BD15</resourceid><serverid>7F6AEA32D2AA25489457A4E4F29CFA6B</serverid><unavailability>Default</unavailability><accesstype>0</accesstype><seqassignorder>0</seqassignorder><excluded>0</excluded></resource></maintenanceaccess><creationaccess><resource><resourcetype>3</resourcetype><resourcename>Everyone</resourcename><resourceid>7DF43CCDF24611D2804B00104B71BD15</resourceid><serverid>7F6AEA32D2AA25489457A4E4F29CFA6B</serverid><unavailability>Default</unavailability><accesstype>0</accesstype><seqassignorder>0</seqassignorder><excluded>0</excluded></resource></creationaccess><suspendaccess><resource><resourcetype>3</resourcetype><resourcename>Everyone</resourcename><resourceid>7DF43CCDF24611D2804B00104B71BD15</resourceid><serverid>7F6AEA32D2AA25489457A4E4F29CFA6B</serverid><unavailability>Default</unavailability><accesstype>0</accesstype><seqassignorder>0</seqassignorder><excluded>0</excluded></resource></suspendaccess><terminateaccess><resource><resourcetype>3</resourcetype><resourcename>Everyone</resourcename><resourceid>7DF43CCDF24611D2804B00104B71BD15</resourceid><serverid>7F6AEA32D2AA25489457A4E4F29CFA6B</serverid><unavailability>Default</unavailability><accesstype>0</accesstype><seqassignorder>0</seqassignorder><excluded>0</excluded></resource></terminateaccess><restartaccess><resource><resourcetype>3</resourcetype><resourcename>Everyone</resourcename><resourceid>7DF43CCDF24611D2804B00104B71BD15</resourceid><serverid>7F6AEA32D2AA25489457A4E4F29CFA6B</serverid><unavailability>Default</unavailability><accesstype>0</accesstype><seqassignorder>0</seqassignorder><excluded>0</excluded></resource></restartaccess><holdaccess><resource><resourcetype>3</resourcetype><resourcename>Everyone</resourcename><resourceid>7DF43CCDF24611D2804B00104B71BD15</resourceid><serverid>7F6AEA32D2AA25489457A4E4F29CFA6B</serverid><unavailability>Default</unavailability><accesstype>0</accesstype><seqassignorder>0</seqassignorder><excluded>0</excluded></resource></holdaccess><customiseaccess /><jobdetailviewaccess><resource><resourcetype>3</resourcetype><resourcename>Everyone</resourcename><resourceid>7DF43CCDF24611D2804B00104B71BD15</resourceid><serverid>7F6AEA32D2AA25489457A4E4F29CFA6B</serverid><unavailability>Default</unavailability><accesstype>0</accesstype><seqassignorder>0</seqassignorder><excluded>0</excluded></resource></jobdetailviewaccess><scanvrsprofileaccess><resource><resourcetype>3</resourcetype><resourcename>Everyone</resourcename><resourceid>7DF43CCDF24611D2804B00104B71BD15</resourceid><serverid>7F6AEA32D2AA25489457A4E4F29CFA6B</serverid><unavailability>Default</unavailability><accesstype>0</accesstype><seqassignorder>0</seqassignorder><excluded>0</excluded></resource></scanvrsprofileaccess><separationprofileaccess><resource><resourcetype>3</resourcetype><resourcename>Everyone</resourcename><resourceid>7DF43CCDF24611D2804B00104B71BD15</resourceid><serverid>7F6AEA32D2AA25489457A4E4F29CFA6B</serverid><unavailability>Default</unavailability><accesstype>0</accesstype><seqassignorder>0</seqassignorder><excluded>0</excluded></resource></separationprofileaccess><updatedocumentcontaineraccess /><editbusinessdataaccess /><defaultusableresources><resource><resourcetype>3</resourcetype><resourcename>Everyone</resourcename><resourceid>7DF43CCDF24611D2804B00104B71BD15</resourceid><serverid>7F6AEA32D2AA25489457A4E4F29CFA6B</serverid><unavailability>Default</unavailability><accesstype>0</accesstype><seqassignorder>0</seqassignorder><excluded>0</excluded></resource></defaultusableresources><exceptions><exception><exceptioncode>EXP0004</exceptioncode><processmapid /><processmapname /><description>Invoked when the cost of job exceeds the expected value.</description><version>0.000000</version><serveronly>0</serveronly></exception><exception><exceptioncode>EXP0005</exceptioncode><processmapid /><processmapname /><description>Invoked when a job exceeds its expected duration.</description><version>0.000000</version><serveronly>0</serveronly></exception><exception><exceptioncode>EXP0006</exceptioncode><processmapid /><processmapname /><description>Invoked when an activity exceeds its expected duration.</description><version>0.000000</version><serveronly>0</serveronly></exception><exception><exceptioncode>EXP0009</exceptioncode><processmapid /><processmapname /><description>Invoked when a Script Object fails to execute automatically.</description><version>0.000000</version><serveronly>0</serveronly></exception><exception><exceptioncode>EXP0010</exceptioncode><processmapid /><processmapname /><description>Invoked when a process is stalled.</description><version>0.000000</version><serveronly>0</serveronly></exception><exception><exceptioncode>EXP0013</exceptioncode><processmapid /><processmapname /><description>Invoked when an activity crosses the due date.</description><version>0.000000</version><serveronly>0</serveronly></exception><exception><exceptioncode>EXP0017</exceptioncode><processmapid /><processmapname /><description>Invoked when synchronous processing fails.</description><version>0.000000</version><serveronly>0</serveronly></exception><exception><exceptioncode>EXP0018</exceptioncode><processmapid /><processmapname /><description>Invoked when no usable resource is assigned to an activity.</description><version>0.000000</version><serveronly>0</serveronly></exception><exception><exceptioncode>EXP0019</exceptioncode><processmapid /><processmapname /><description>Invoked when a .NET object fails to execute.</description><version>0.000000</version><serveronly>0</serveronly></exception><exception><exceptioncode>EXP0020</exceptioncode><processmapid /><processmapname /><description>Invoked when a Web Service object fails to execute.</description><version>0.000000</version><serveronly>0</serveronly></exception><exception><exceptioncode>EXP0022</exceptioncode><processmapid /><processmapname /><description>Invoked when a C# Script activity fails to execute when running automatically.</description><version>0.000000</version><serveronly>0</serveronly></exception><exception><exceptioncode>EXP0023</exceptioncode><processmapid /><processmapname /><description>Invoked when a VB .NET Script activity fails to execute.</description><version>0.000000</version><serveronly>0</serveronly></exception><exception><exceptioncode>EXP0025</exceptioncode><processmapid /><processmapname /><description>Invoked when a Data Access activity fails to execute.</description><version>0.000000</version><serveronly>0</serveronly></exception><exception><exceptioncode>EXP0036</exceptioncode><processmapid /><processmapname /><description>Invoked when the transfer of documents to another server fails to execute.</description><version>0.000000</version><serveronly>0</serveronly></exception><exception><exceptioncode>EXP0038</exceptioncode><processmapid /><processmapname /><description>Invoked when any automatic activity fails to execute.</description><version>0.000000</version><serveronly>0</serveronly></exception></exceptions><states /><milestones /><bpescalations /><mapvirtualfolders><virtualfolderstructure></virtualfolderstructure><indexdatacollection /><mapvirtualfolderstructure></mapvirtualfolderstructure></mapvirtualfolders><serverid>7F6AEA32D2AA25489457A4E4F29CFA6B</serverid><xmlexpressionlist /><ragstatus><amberthreshold>86400</amberthreshold><redthreshold>0</redthreshold><blackthreshold>0</blackthreshold><purplethreshold>0</purplethreshold></ragstatus><casedefcomruntime_data /><archivetopi>0</archivetopi><runtime_settings>0</runtime_settings><process_owner_id></process_owner_id><score_rule /><map_valid_from /><map_valid_to /><captureenabled>1</captureenabled><iscaptureprocess>0</iscaptureprocess><reportingtag></reportingtag><settingsxml>&lt;?xml version="1.0" encoding="utf-16"?&gt;
&lt;BusinessProcessSettings xmlns:xsd="http://www.w3.org/2001/XMLSchema" xmlns:xsi="http://www.w3.org/2001/XMLSchema-instance"&gt;
  &lt;CaptureProcessSettings&gt;
    &lt;ClassificationGroup&gt;
      &lt;Id&gt;C866CF4286EC370507832C08A4C11887&lt;/Id&gt;
      &lt;AutomaticallyPopulate&gt;true&lt;/AutomaticallyPopulate&gt;
      &lt;Version&gt;0&lt;/Version&gt;
      &lt;Name&gt;Case Form Classification Group&lt;/Name&gt;
    &lt;/ClassificationGroup&gt;
    &lt;ScanVrsProfiles&gt;
      &lt;ScanVrsProfileIdentity&gt;
        &lt;Id&gt;C525FA863EB74348961543C740ED00A0&lt;/Id&gt;
        &lt;Name&gt;Default&lt;/Name&gt;
      &lt;/ScanVrsProfileIdentity&gt;
    &lt;/ScanVrsProfiles&gt;
    &lt;SeparationProfile /&gt;
    &lt;DefaultScanVrsProfile&gt;
      &lt;Id&gt;C525FA863EB74348961543C740ED00A0&lt;/Id&gt;
      &lt;Name&gt;Default&lt;/Name&gt;
    &lt;/DefaultScanVrsProfile&gt;
    &lt;DocConversionProfiles /&gt;
    &lt;DefaultDocConversionProfile /&gt;
    &lt;SaveScannedImageAsPageRendition&gt;false&lt;/SaveScannedImageAsPageRendition&gt;
    &lt;PageRendition&gt;0&lt;/PageRendition&gt;
    &lt;PdfTextExtractionMode&gt;0&lt;/PdfTextExtractionMode&gt;
    &lt;AllowRotateReorderImportedImages&gt;true&lt;/AllowRotateReorderImportedImages&gt;
    &lt;AllowSplitMergeDeleteImportedDocument&gt;true&lt;/AllowSplitMergeDeleteImportedDocument&gt;
    &lt;PdfTextWordSeparationChars&gt;/:()-#&lt;/PdfTextWordSeparationChars&gt;
  &lt;/CaptureProcessSettings&gt;
  &lt;RetentionPolicySettings&gt;
    &lt;KeepForever&gt;true&lt;/KeepForever&gt;
    &lt;RetentionPolicyDuration&gt;
      &lt;Years&gt;1&lt;/Years&gt;
      &lt;Months&gt;0&lt;/Months&gt;
      &lt;Days&gt;0&lt;/Days&gt;
      &lt;Hours&gt;0&lt;/Hours&gt;
      &lt;Minutes&gt;0&lt;/Minutes&gt;
    &lt;/RetentionPolicyDuration&gt;
  &lt;/RetentionPolicySettings&gt;
  &lt;MaximumLoopCount&gt;0&lt;/MaximumLoopCount&gt;
  &lt;ShowSpecificOutputVariables&gt;true&lt;/ShowSpecificOutputVariables&gt;
  &lt;VariableDisplayPropertiesCollection&gt;
    &lt;VariableDisplayProperties&gt;
      &lt;VariableIdentity&gt;
        &lt;Id&gt;ACCOUNTNAME&lt;/Id&gt;
        &lt;Version&gt;0&lt;/Version&gt;
        &lt;DisplayName&gt;accountName&lt;/DisplayName&gt;
      &lt;/VariableIdentity&gt;
      &lt;StringVariableDisplayProperties&gt;
        &lt;VariableControlType&gt;Singleline&lt;/VariableControlType&gt;
        &lt;MaxNumberOfCharacters&gt;10000&lt;/MaxNumberOfCharacters&gt;
        &lt;LookupIdentity /&gt;
        &lt;StaticData /&gt;
        &lt;Mandatory&gt;false&lt;/Mandatory&gt;
      &lt;/StringVariableDisplayProperties&gt;
      &lt;MinDate xsi:nil="true" /&gt;
      &lt;MaxDate xsi:nil="true" /&gt;
      &lt;DecimalPrecision&gt;0&lt;/DecimalPrecision&gt;
    &lt;/VariableDisplayProperties&gt;
    &lt;VariableDisplayProperties&gt;
      &lt;VariableIdentity&gt;
        &lt;Id&gt;CASEDESC&lt;/Id&gt;
        &lt;Version&gt;0&lt;/Version&gt;
        &lt;DisplayName&gt;caseDesc&lt;/DisplayName&gt;
      &lt;/VariableIdentity&gt;
      &lt;StringVariableDisplayProperties&gt;
        &lt;VariableControlType&gt;Singleline&lt;/VariableControlType&gt;
        &lt;MaxNumberOfCharacters&gt;10000&lt;/MaxNumberOfCharacters&gt;
        &lt;LookupIdentity /&gt;
        &lt;StaticData /&gt;
        &lt;Mandatory&gt;false&lt;/Mandatory&gt;
      &lt;/StringVariableDisplayProperties&gt;
      &lt;MinDate xsi:nil="true" /&gt;
      &lt;MaxDate xsi:nil="true" /&gt;
      &lt;DecimalPrecision&gt;0&lt;/DecimalPrecision&gt;
    &lt;/VariableDisplayProperties&gt;
    &lt;VariableDisplayProperties&gt;
      &lt;VariableIdentity&gt;
        &lt;Id&gt;CASETITLE&lt;/Id&gt;
        &lt;Version&gt;0&lt;/Version&gt;
        &lt;DisplayName&gt;caseTitle&lt;/DisplayName&gt;
      &lt;/VariableIdentity&gt;
      &lt;StringVariableDisplayProperties&gt;
        &lt;VariableControlType&gt;Singleline&lt;/VariableControlType&gt;
        &lt;MaxNumberOfCharacters&gt;10000&lt;/MaxNumberOfCharacters&gt;
        &lt;LookupIdentity /&gt;
        &lt;StaticData /&gt;
        &lt;Mandatory&gt;false&lt;/Mandatory&gt;
      &lt;/StringVariableDisplayProperties&gt;
      &lt;MinDate xsi:nil="true" /&gt;
      &lt;MaxDate xsi:nil="true" /&gt;
      &lt;DecimalPrecision&gt;0&lt;/DecimalPrecision&gt;
    &lt;/VariableDisplayProperties&gt;
    &lt;VariableDisplayProperties&gt;
      &lt;VariableIdentity&gt;
        &lt;Id&gt;CURRENTDOCINDEX&lt;/Id&gt;
        &lt;Version&gt;0&lt;/Version&gt;
        &lt;DisplayName&gt;currentDocIndex&lt;/DisplayName&gt;
      &lt;/VariableIdentity&gt;
      &lt;StringVariableDisplayProperties&gt;
        &lt;VariableControlType&gt;Singleline&lt;/VariableControlType&gt;
        &lt;MaxNumberOfCharacters&gt;10000&lt;/MaxNumberOfCharacters&gt;
        &lt;LookupIdentity /&gt;
        &lt;StaticData /&gt;
        &lt;Mandatory&gt;false&lt;/Mandatory&gt;
      &lt;/StringVariableDisplayProperties&gt;
      &lt;MinValue&gt;-2147483648&lt;/MinValue&gt;
      &lt;MaxValue&gt;2147483647&lt;/MaxValue&gt;
      &lt;MinDate xsi:nil="true" /&gt;
      &lt;MaxDate xsi:nil="true" /&gt;
      &lt;DecimalPrecision&gt;0&lt;/DecimalPrecision&gt;
    &lt;/VariableDisplayProperties&gt;
  &lt;/VariableDisplayPropertiesCollection&gt;
&lt;/BusinessProcessSettings&gt;</settingsxml><associateddotnetreferences /><processnotes /><cnjformidentity><id>2D89F5BE0E8A40DE8A68AB8F79ED12DE</id><name>Create D365 Case Form</name></cnjformidentity><hasdocumentcontainer>0</hasdocumentcontainer><hasdocumentset>0</hasdocumentset></procdata><entitylist></entitylist><variableslist><variable><varname>ACCOUNTNAME</varname><vartype>8</vartype><varvalue xml:space="preserve"></varvalue><dynamic>0</dynamic><used_in_skin>0</used_in_skin><entityid>4FEE4E069417475DAC5D2C2E5C95CA49</entityid><entityname>Default Data Grouping</entityname><vardisplayname>accountName</vardisplayname><variablemembers /></variable><variable><varname>CASEDESC</varname><vartype>8</vartype><varvalue xml:space="preserve"></varvalue><dynamic>0</dynamic><used_in_skin>0</used_in_skin><entityid>4FEE4E069417475DAC5D2C2E5C95CA49</entityid><entityname>Default Data Grouping</entityname><vardisplayname>caseDesc</vardisplayname><variablemembers /></variable><variable><varname>CASETITLE</varname><vartype>8</vartype><varvalue xml:space="preserve"></varvalue><dynamic>0</dynamic><used_in_skin>0</used_in_skin><entityid>4FEE4E069417475DAC5D2C2E5C95CA49</entityid><entityname>Default Data Grouping</entityname><vardisplayname>caseTitle</vardisplayname><variablemembers /></variable><variable><varname>CREATECASESUCCESS</varname><vartype>11</vartype><varvalue>0</varvalue><dynamic>0</dynamic><used_in_skin>0</used_in_skin><entityid>4FEE4E069417475DAC5D2C2E5C95CA49</entityid><entityname>Default Data Grouping</entityname><vardisplayname>createCaseSuccess</vardisplayname><variablemembers /></variable><variable><varname>CURRENTDOCINDEX</varname><vartype>3</vartype><varvalue>1</varvalue><dynamic>0</dynamic><used_in_skin>0</used_in_skin><entityid>4FEE4E069417475DAC5D2C2E5C95CA49</entityid><entityname>Default Data Grouping</entityname><vardisplayname>currentDocIndex</vardisplayname><variablemembers /></variable><variable><varname>DOCFOLDER</varname><vartype>32759</vartype><varvalue>&lt;?xml version="1.0" encoding="utf-16"?&gt;
&lt;FolderVariableValue xmlns:xsd="http://www.w3.org/2001/XMLSchema" xmlns:xsi="http://www.w3.org/2001/XMLSchema-instance"&gt;
  &lt;FolderType&gt;0BA56967F1FC42EC89758D4674149019&lt;/FolderType&gt;
  &lt;FolderName&gt;Default Folder&lt;/FolderName&gt;
  &lt;InstanceId /&gt;
&lt;/FolderVariableValue&gt;</varvalue><dynamic>0</dynamic><used_in_skin>0</used_in_skin><entityid>4FEE4E069417475DAC5D2C2E5C95CA49</entityid><entityname>Default Data Grouping</entityname><vardisplayname>docFolder</vardisplayname><variablemembers /></variable><variable><varname>DOCUMENT</varname><vartype>32760</vartype><varvalue>&lt;?xml version="1.0" encoding="utf-16"?&gt;
&lt;DocumentVariableValue xmlns:xsd="http://www.w3.org/2001/XMLSchema" xmlns:xsi="http://www.w3.org/2001/XMLSchema-instance"&gt;
  &lt;DocumentType&gt;6911073B76BADD5E6404A8D8D1CE45DC&lt;/DocumentType&gt;
  &lt;DocumentName&gt;My Case Form&lt;/DocumentName&gt;
  &lt;InstanceId /&gt;
&lt;/DocumentVariableValue&gt;</varvalue><dynamic>0</dynamic><used_in_skin>0</used_in_skin><entityid>4FEE4E069417475DAC5D2C2E5C95CA49</entityid><entityname>Default Data Grouping</entityname><vardisplayname>document</vardisplayname><variablemembers /></variable><variable><varname>ROWFOUND</varname><vartype>11</vartype><varvalue>0</varvalue><dynamic>0</dynamic><used_in_skin>0</used_in_skin><entityid>4FEE4E069417475DAC5D2C2E5C95CA49</entityid><entityname>Default Data Grouping</entityname><vardisplayname>rowFound</vardisplayname><variablemembers /></variable></variableslist><roleslist /><processeventlist><processevent><eventname>SCANNED</eventname><eventdescription>Scanned event</eventdescription></processevent></processeventlist><nodelist><node><nodetype>26</nodetype><nodedata><processid>6606AE0096A764C5073928EB0AFE792E</processid><version>11.000000</version><nodeid>1</nodeid><isstartnode>0</isstartnode><nodetype>26</nodetype><designtimetype>26</designtimetype><activationprobability>100</activationprobability><embeddedname></embeddedname><state /><statescope>0</statescope><activitymilestone></activitymilestone><activitymilestonescope>0</activitymilestonescope><activitypendmilestone></activitypendmilestone><activitypendmilestonescope>0</activitypendmilestonescope><activitydonemilestone></activitydonemilestone><activitydonemilestonescope>0</activitydonemilestonescope><nodependevent /><nodependeventscope>0</nodependeventscope><nodedoneevent /><nodedoneeventscope>0</nodedoneeventscope><titleposno>5</titleposno><embeddedproccount>0</embeddedproccount><iscustomnode>0</iscustomnode><designtimesettings>&lt;designtimesettings&gt;&lt;xposition&gt;355&lt;/xposition&gt;&lt;yposition&gt;586.166687011719&lt;/yposition&gt;&lt;width&gt;90&lt;/width&gt;&lt;height&gt;90&lt;/height&gt;&lt;inheritcolorfromsystem&gt;True&lt;/inheritcolorfromsystem&gt;&lt;colour&gt;#FFBBDEFBFF&lt;/colour&gt;&lt;textposition&gt;Top&lt;/textposition&gt;&lt;conditionpathdescription /&gt;&lt;lane&gt;&lt;name /&gt;&lt;index&gt;0&lt;/index&gt;&lt;poolid /&gt;&lt;height&gt;0&lt;/height&gt;&lt;/lane&gt;&lt;annotations&gt;&lt;annotation&gt;&lt;xposition&gt;355&lt;/xposition&gt;&lt;yposition&gt;731.166687011719&lt;/yposition&gt;&lt;height&gt;110&lt;/height&gt;&lt;width&gt;150&lt;/width&gt;&lt;text&gt;Determines document type (e.x. an order form from Company X)&lt;/text&gt;&lt;id&gt;8736DB0A4B9F71F2C22E4204989B78E8&lt;/id&gt;&lt;lane&gt;&lt;name /&gt;&lt;index&gt;0&lt;/index&gt;&lt;poolid /&gt;&lt;/lane&gt;&lt;/annotation&gt;&lt;/annotations&gt;&lt;attachments /&gt;&lt;resourcenotes /&gt;&lt;/designtimesettings&gt;</designtimesettings><attachments></attachments><annotations><annotation><text>Determines document type (e.x. an order form from Company X)</text></annotation></annotations><dependants /><destinationnodes><destinationnode><nodeid>2</nodeid><nodetype>25</nodetype></destinationnode></destinationnodes><originnodes><originnode><nodeid>11</nodeid><nodetype>26</nodetype></originnode></originnodes><branchingrules /><runtimesettings>0</runtimesettings></nodedata><activitydata><inputvariables><inputvariable><varid>DOCFOLDER</varid></inputvariable></inputvariables><outputvariables /><requiredresources /><usableresources /><dynamicresourcesdata><overwriteusableresources>0</overwriteusableresources><dynamicresourcesvariables /></dynamicresourcesdata><targettime>0</targettime><delaytime>0</delaytime><expectedcost>0.000000</expectedcost><securitylevel>10</securitylevel><skilllevel>10</skilllevel><useprevioususer>0</useprevioususer><tasktype>26</tasktype><priority>1</priority><automatic>1</automatic><trackstorejvh>0</trackstorejvh><usesameasprevious>0</usesameasprevious><taskid>0</taskid><usesameasprevioustype>0</usesameasprevioustype><fixedcost>0.000000</fixedcost><taskname>Classification</taskname><resourceid /><createdby>4EFFC98F46854ABFA36177A564100FD0</createdby><purpose></purpose><description></description><script></script><processid /><creationdate>2022-02-09T23:24:10.26449</creationdate><transactionalinfo /><createnewjobinfo><cnjprocessid></cnjprocessid><initparams></initparams><outputs></outputs><varid></varid><jobtype>0</jobtype><reftype>0</reftype></createnewjobinfo><scriptprogid></scriptprogid><preloadscript>1</preloadscript><assocfile></assocfile><designinfo /><sleepinfo>0</sleepinfo><jobowneridinfo></jobowneridinfo><jobownervaridinfo></jobownervaridinfo><negativelagtime>0</negativelagtime><dynduedate>0</dynduedate><dynduedatevar /><dyntargetdurationvar /><sendemail>0</sendemail><emailto>0</emailto><subjecttext></subjecttext><subjectvar></subjectvar><contenttext></contenttext><contentvar></contentvar><urltext></urltext><urlvar></urlvar><appendassocfile>0</appendassocfile><dotnet /><webservice /><activityinfo><useadvworkflowrules>0</useadvworkflowrules><seqactivityassignment>0</seqactivityassignment><concuractivityaccess>0</concuractivityaccess><noofusableresourcesreq>0</noofusableresourcesreq><exitcondition /><expandgroups>0</expandgroups><noofusableresourcesreqvarid /></activityinfo><categoryid>E5EC21D22FE44AD0A037EF502836D380</categoryid><poolid>0</poolid><activityruntimesettings>0</activityruntimesettings><activityragamberthreshold>0</activityragamberthreshold><activityragredthreshold>0</activityragredthreshold><activityragblackthreshold>0</activityragblackthreshold><activityragpurplethreshold>0</activityragpurplethreshold><form /><xmldata /><dataaccess /><getresourceinfo /><jobvariableinfo /><baminfo /><bpescalations /><preconditionslist /><preconditiontext></preconditiontext><startmethod></startmethod><classnamespace></classnamespace><settingsxml>&lt;?xml version="1.0" encoding="utf-16"?&gt;
&lt;SeparationClassificationCaptureActivitySettings xmlns:xsd="http://www.w3.org/2001/XMLSchema" xmlns:xsi="http://www.w3.org/2001/XMLSchema-instance"&gt;
  &lt;ClassificationGroup&gt;
    &lt;Id&gt;C866CF4286EC370507832C08A4C11887&lt;/Id&gt;
    &lt;AutomaticallyPopulate&gt;true&lt;/AutomaticallyPopulate&gt;
    &lt;Version&gt;1&lt;/Version&gt;
    &lt;Name&gt;Case Form Classification Group&lt;/Name&gt;
  &lt;/ClassificationGroup&gt;
  &lt;ProcessLevel xsi:nil="true" /&gt;
  &lt;ClassificationGroupLevel&gt;Process&lt;/ClassificationGroupLevel&gt;
&lt;/SeparationClassificationCaptureActivitySettings&gt;</settingsxml><resetlimit>-1</resetlimit><activitytimedoutaction>0</activitytimedoutaction><suspendreasontext></suspendreasontext><suspendreasonvarid></suspendreasonvarid></activitydata></node><node><nodetype>25</nodetype><nodedata><processid>6606AE0096A764C5073928EB0AFE792E</processid><version>11.000000</version><nodeid>2</nodeid><isstartnode>0</isstartnode><nodetype>25</nodetype><designtimetype>25</designtimetype><activationprobability>100</activationprobability><embeddedname></embeddedname><state /><statescope>0</statescope><activitymilestone></activitymilestone><activitymilestonescope>0</activitymilestonescope><activitypendmilestone></activitypendmilestone><activitypendmilestonescope>0</activitypendmilestonescope><activitydonemilestone></activitydonemilestone><activitydonemilestonescope>0</activitydonemilestonescope><nodependevent /><nodependeventscope>0</nodependeventscope><nodedoneevent /><nodedoneeventscope>0</nodedoneeventscope><titleposno>5</titleposno><embeddedproccount>0</embeddedproccount><iscustomnode>0</iscustomnode><designtimesettings>&lt;designtimesettings&gt;&lt;xposition&gt;525&lt;/xposition&gt;&lt;yposition&gt;586.166687011719&lt;/yposition&gt;&lt;width&gt;90&lt;/width&gt;&lt;height&gt;90&lt;/height&gt;&lt;inheritcolorfromsystem&gt;True&lt;/inheritcolorfromsystem&gt;&lt;colour&gt;#FFBBDEFBFF&lt;/colour&gt;&lt;textposition&gt;Top&lt;/textposition&gt;&lt;conditionpathdescription /&gt;&lt;lane&gt;&lt;name /&gt;&lt;index&gt;0&lt;/index&gt;&lt;poolid /&gt;&lt;height&gt;0&lt;/height&gt;&lt;/lane&gt;&lt;annotations&gt;&lt;annotation&gt;&lt;xposition&gt;525&lt;/xposition&gt;&lt;yposition&gt;731.166687011719&lt;/yposition&gt;&lt;height&gt;110&lt;/height&gt;&lt;width&gt;150&lt;/width&gt;&lt;text&gt;Extracts the data from the document&lt;/text&gt;&lt;id&gt;4D40E4C7E8BE93BB75F441931591EC3D&lt;/id&gt;&lt;lane&gt;&lt;name /&gt;&lt;index&gt;0&lt;/index&gt;&lt;poolid /&gt;&lt;/lane&gt;&lt;/annotation&gt;&lt;/annotations&gt;&lt;attachments /&gt;&lt;resourcenotes /&gt;&lt;/designtimesettings&gt;</designtimesettings><attachments></attachments><annotations><annotation><text>Extracts the data from the document</text></annotation></annotations><dependants /><destinationnodes><destinationnode><nodeid>3</nodeid><nodetype>28</nodetype></destinationnode></destinationnodes><originnodes><originnode><nodeid>1</nodeid><nodetype>25</nodetype></originnode></originnodes><branchingrules /><runtimesettings>0</runtimesettings></nodedata><activitydata><inputvariables><inputvariable><varid>DOCFOLDER</varid></inputvariable></inputvariables><outputvariables /><requiredresources /><usableresources /><dynamicresourcesdata><overwriteusableresources>0</overwriteusableresources><dynamicresourcesvariables /></dynamicresourcesdata><targettime>0</targettime><delaytime>0</delaytime><expectedcost>0.000000</expectedcost><securitylevel>10</securitylevel><skilllevel>10</skilllevel><useprevioususer>0</useprevioususer><tasktype>25</tasktype><priority>1</priority><automatic>1</automatic><trackstorejvh>0</trackstorejvh><usesameasprevious>0</usesameasprevious><taskid>0</taskid><usesameasprevioustype>0</usesameasprevioustype><fixedcost>0.000000</fixedcost><taskname>Extraction</taskname><resourceid /><createdby>4EFFC98F46854ABFA36177A564100FD0</createdby><purpose></purpose><description></description><script></script><processid /><creationdate>2022-02-09T23:24:10.26449</creationdate><transactionalinfo /><createnewjobinfo><cnjprocessid></cnjprocessid><initparams></initparams><outputs></outputs><varid></varid><jobtype>0</jobtype><reftype>0</reftype></createnewjobinfo><scriptprogid></scriptprogid><preloadscript>1</preloadscript><assocfile></assocfile><designinfo /><sleepinfo>0</sleepinfo><jobowneridinfo></jobowneridinfo><jobownervaridinfo></jobownervaridinfo><negativelagtime>0</negativelagtime><dynduedate>0</dynduedate><dynduedatevar /><dyntargetdurationvar /><sendemail>0</sendemail><emailto>0</emailto><subjecttext></subjecttext><subjectvar></subjectvar><contenttext></contenttext><contentvar></contentvar><urltext></urltext><urlvar></urlvar><appendassocfile>0</appendassocfile><dotnet /><webservice /><activityinfo><useadvworkflowrules>0</useadvworkflowrules><seqactivityassignment>0</seqactivityassignment><concuractivityaccess>0</concuractivityaccess><noofusableresourcesreq>0</noofusableresourcesreq><exitcondition /><expandgroups>0</expandgroups><noofusableresourcesreqvarid /></activityinfo><categoryid>E5EC21D22FE44AD0A037EF502836D380</categoryid><poolid>1</poolid><activityruntimesettings>0</activityruntimesettings><activityragamberthreshold>0</activityragamberthreshold><activityragredthreshold>0</activityragredthreshold><activityragblackthreshold>0</activityragblackthreshold><activityragpurplethreshold>0</activityragpurplethreshold><form /><xmldata /><dataaccess /><getresourceinfo /><jobvariableinfo /><baminfo /><bpescalations /><preconditionslist /><preconditiontext></preconditiontext><startmethod></startmethod><classnamespace></classnamespace><resetlimit>-1</resetlimit><activitytimedoutaction>0</activitytimedoutaction><suspendreasontext></suspendreasontext><suspendreasonvarid></suspendreasonvarid></activitydata></node><node><nodetype>28</nodetype><nodedata><processid>6606AE0096A764C5073928EB0AFE792E</processid><version>11.000000</version><nodeid>3</nodeid><isstartnode>0</isstartnode><nodetype>28</nodetype><designtimetype>28</designtimetype><activationprobability>100</activationprobability><embeddedname></embeddedname><state /><statescope>0</statescope><activitymilestone></activitymilestone><activitymilestonescope>0</activitymilestonescope><activitypendmilestone></activitypendmilestone><activitypendmilestonescope>0</activitypendmilestonescope><activitydonemilestone></activitydonemilestone><activitydonemilestonescope>0</activitydonemilestonescope><nodependevent /><nodependeventscope>0</nodependeventscope><nodedoneevent /><nodedoneeventscope>0</nodedoneeventscope><titleposno>5</titleposno><embeddedproccount>0</embeddedproccount><iscustomnode>0</iscustomnode><designtimesettings>&lt;designtimesettings&gt;&lt;xposition&gt;695&lt;/xposition&gt;&lt;yposition&gt;586.166687011719&lt;/yposition&gt;&lt;width&gt;90&lt;/width&gt;&lt;height&gt;90&lt;/height&gt;&lt;inheritcolorfromsystem&gt;True&lt;/inheritcolorfromsystem&gt;&lt;colour&gt;#FFFFF9C4FF&lt;/colour&gt;&lt;textposition&gt;Top&lt;/textposition&gt;&lt;conditionpathdescription /&gt;&lt;lane&gt;&lt;name /&gt;&lt;index&gt;0&lt;/index&gt;&lt;poolid /&gt;&lt;height&gt;0&lt;/height&gt;&lt;/lane&gt;&lt;annotations&gt;&lt;annotation&gt;&lt;xposition&gt;695&lt;/xposition&gt;&lt;yposition&gt;731.166687011719&lt;/yposition&gt;&lt;height&gt;110&lt;/height&gt;&lt;width&gt;150&lt;/width&gt;&lt;text&gt;Human-in-the-loop step to review the extracted information as needed&lt;/text&gt;&lt;id&gt;5AD1BF4A12A81C91A8A9A1FA463CDD58&lt;/id&gt;&lt;lane&gt;&lt;name /&gt;&lt;index&gt;0&lt;/index&gt;&lt;poolid /&gt;&lt;/lane&gt;&lt;/annotation&gt;&lt;/annotations&gt;&lt;attachments /&gt;&lt;resourcenotes /&gt;&lt;/designtimesettings&gt;</designtimesettings><attachments></attachments><annotations><annotation><text>Human-in-the-loop step to review the extracted information as needed</text></annotation></annotations><dependants /><destinationnodes><destinationnode><nodeid>4</nodeid><nodetype>1</nodetype></destinationnode></destinationnodes><originnodes><originnode><nodeid>2</nodeid><nodetype>28</nodetype></originnode></originnodes><branchingrules /><runtimesettings>0</runtimesettings></nodedata><activitydata><inputvariables><inputvariable><varid>DOCFOLDER</varid></inputvariable></inputvariables><outputvariables /><requiredresources /><usableresources><resource><resourcetype>3</resourcetype><resourcename>Everyone</resourcename><resourceid>7DF43CCDF24611D2804B00104B71BD15</resourceid><serverid>7F6AEA32D2AA25489457A4E4F29CFA6B</serverid><unavailability>Default</unavailability><accesstype>0</accesstype><seqassignorder>0</seqassignorder><excluded>0</excluded></resource></usableresources><dynamicresourcesdata><overwriteusableresources>0</overwriteusableresources><dynamicresourcesvariables /></dynamicresourcesdata><targettime>86400</targettime><delaytime>0</delaytime><expectedcost>0.000000</expectedcost><securitylevel>10</securitylevel><skilllevel>10</skilllevel><useprevioususer>0</useprevioususer><tasktype>30</tasktype><priority>1</priority><automatic>0</automatic><trackstorejvh>0</trackstorejvh><usesameasprevious>0</usesameasprevious><taskid>0</taskid><usesameasprevioustype>0</usesameasprevioustype><fixedcost>0.000000</fixedcost><taskname>Select Case Data</taskname><resourceid /><createdby>4EFFC98F46854ABFA36177A564100FD0</createdby><purpose></purpose><description></description><script></script><processid /><creationdate>2022-02-09T23:24:10.26449</creationdate><transactionalinfo /><createnewjobinfo><cnjprocessid></cnjprocessid><initparams></initparams><outputs></outputs><varid></varid><jobtype>0</jobtype><reftype>0</reftype></createnewjobinfo><scriptprogid></scriptprogid><preloadscript>1</preloadscript><assocfile>Case Form to D365CE_Validation.form</assocfile><designinfo /><sleepinfo>0</sleepinfo><jobowneridinfo></jobowneridinfo><jobownervaridinfo></jobownervaridinfo><negativelagtime>0</negativelagtime><dynduedate>0</dynduedate><dynduedatevar /><dyntargetdurationvar /><sendemail>0</sendemail><emailto>0</emailto><subjecttext></subjecttext><subjectvar></subjectvar><contenttext></contenttext><contentvar></contentvar><urltext></urltext><urlvar></urlvar><appendassocfile>0</appendassocfile><dotnet /><webservice /><activityinfo><useadvworkflowrules>0</useadvworkflowrules><seqactivityassignment>0</seqactivityassignment><concuractivityaccess>0</concuractivityaccess><noofusableresourcesreq>0</noofusableresourcesreq><exitcondition /><expandgroups>0</expandgroups><noofusableresourcesreqvarid /></activityinfo><categoryid>E5EC21D22FE44AD0A037EF502836D380</categoryid><poolid>0</poolid><activityruntimesettings>0</activityruntimesettings><activityragamberthreshold>10800</activityragamberthreshold><activityragredthreshold>0</activityragredthreshold><activityragblackthreshold>0</activityragblackthreshold><activityragpurplethreshold>0</activityragpurplethreshold><form /><xmldata /><dataaccess /><getresourceinfo /><jobvariableinfo /><baminfo /><bpescalations /><preconditionslist /><preconditiontext></preconditiontext><startmethod></startmethod><classnamespace></classnamespace><settingsxml>&lt;?xml version="1.0" encoding="utf-16"?&gt;
&lt;ValidationCaptureActivitySettings xmlns:xsd="http://www.w3.org/2001/XMLSchema" xmlns:xsi="http://www.w3.org/2001/XMLSchema-instance"&gt;
  &lt;ClassificationGroup&gt;
    &lt;Id&gt;C866CF4286EC370507832C08A4C11887&lt;/Id&gt;
    &lt;AutomaticallyPopulate&gt;true&lt;/AutomaticallyPopulate&gt;
    &lt;Version&gt;1&lt;/Version&gt;
    &lt;Name&gt;Case Form Classification Group&lt;/Name&gt;
  &lt;/ClassificationGroup&gt;
  &lt;ProcessLevel xsi:nil="true" /&gt;
  &lt;ClassificationGroupLevel&gt;Process&lt;/ClassificationGroupLevel&gt;
  &lt;AllowCompleteActivityWithInvalidFields&gt;false&lt;/AllowCompleteActivityWithInvalidFields&gt;
  &lt;DefaultDisplayPageRendition&gt;-1&lt;/DefaultDisplayPageRendition&gt;
  &lt;InheritDocumentModifySettings&gt;true&lt;/InheritDocumentModifySettings&gt;
  &lt;AllowSplitMergeDeleteImportedDocument&gt;false&lt;/AllowSplitMergeDeleteImportedDocument&gt;
  &lt;AllowRotateReorderImportedImages&gt;false&lt;/AllowRotateReorderImportedImages&gt;
&lt;/ValidationCaptureActivitySettings&gt;</settingsxml><resetlimit>-1</resetlimit><activitytimedoutaction>0</activitytimedoutaction><suspendreasontext></suspendreasontext><suspendreasonvarid></suspendreasonvarid></activitydata></node><node><nodetype>1</nodetype><nodedata><processid>6606AE0096A764C5073928EB0AFE792E</processid><version>11.000000</version><nodeid>4</nodeid><isstartnode>0</isstartnode><nodetype>1</nodetype><designtimetype>32</designtimetype><activationprobability>100</activationprobability><embeddedname></embeddedname><state /><statescope>0</statescope><activitymilestone></activitymilestone><activitymilestonescope>0</activitymilestonescope><activitypendmilestone></activitypendmilestone><activitypendmilestonescope>0</activitypendmilestonescope><activitydonemilestone></activitydonemilestone><activitydonemilestonescope>0</activitydonemilestonescope><nodependevent /><nodependeventscope>0</nodependeventscope><nodedoneevent /><nodedoneeventscope>0</nodedoneeventscope><titleposno>5</titleposno><embeddedproccount>0</embeddedproccount><iscustomnode>0</iscustomnode><designtimesettings>&lt;designtimesettings&gt;&lt;xposition&gt;865&lt;/xposition&gt;&lt;yposition&gt;586.166687011719&lt;/yposition&gt;&lt;width&gt;90&lt;/width&gt;&lt;height&gt;90&lt;/height&gt;&lt;inheritcolorfromsystem&gt;True&lt;/inheritcolorfromsystem&gt;&lt;colour&gt;#FFF2F2F2FF&lt;/colour&gt;&lt;textposition&gt;Top&lt;/textposition&gt;&lt;conditionpathdescription /&gt;&lt;lane&gt;&lt;name /&gt;&lt;index&gt;0&lt;/index&gt;&lt;poolid /&gt;&lt;height&gt;0&lt;/height&gt;&lt;/lane&gt;&lt;annotations&gt;&lt;annotation&gt;&lt;xposition&gt;865&lt;/xposition&gt;&lt;yposition&gt;731.166687011719&lt;/yposition&gt;&lt;height&gt;110&lt;/height&gt;&lt;width&gt;150&lt;/width&gt;&lt;text&gt;Iterates through the documents you uploaded (multiple document uploads are supported)&lt;/text&gt;&lt;id&gt;2243FF317597276D7654C236ECD92CCE&lt;/id&gt;&lt;lane&gt;&lt;name /&gt;&lt;index&gt;0&lt;/index&gt;&lt;poolid /&gt;&lt;/lane&gt;&lt;/annotation&gt;&lt;/annotations&gt;&lt;attachments /&gt;&lt;resourcenotes /&gt;&lt;/designtimesettings&gt;</designtimesettings><attachments></attachments><annotations><annotation><text>Iterates through the documents you uploaded (multiple document uploads are supported)</text></annotation></annotations><dependants /><destinationnodes><destinationnode><nodeid>5</nodeid><nodetype>2</nodetype></destinationnode></destinationnodes><originnodes><originnode><nodeid>3</nodeid><nodetype>1</nodetype></originnode></originnodes><branchingrules /><runtimesettings>0</runtimesettings></nodedata><activitydata><inputvariables><inputvariable><varid>SPP_SYSTEM_SESSION_ID</varid></inputvariable><inputvariable><varid>DOCFOLDER_8A3DFE7947444402A4FB47BD0CA2ADD5</varid></inputvariable><inputvariable><varid>CURRENTDOCINDEX</varid></inputvariable><inputvariable><varid>DOCUMENT</varid></inputvariable><inputvariable><varid>ROWFOUND</varid></inputvariable></inputvariables><outputvariables /><requiredresources /><usableresources /><dynamicresourcesdata><overwriteusableresources>0</overwriteusableresources><dynamicresourcesvariables /></dynamicresourcesdata><targettime>0</targettime><delaytime>0</delaytime><expectedcost>0.000000</expectedcost><securitylevel>10</securitylevel><skilllevel>10</skilllevel><useprevioususer>0</useprevioususer><tasktype>7</tasktype><priority>1</priority><automatic>1</automatic><trackstorejvh>0</trackstorejvh><usesameasprevious>0</usesameasprevious><taskid>0</taskid><usesameasprevioustype>0</usesameasprevioustype><fixedcost>0.000000</fixedcost><taskname>Loop Thru Docs</taskname><resourceid /><createdby>4EFFC98F46854ABFA36177A564100FD0</createdby><purpose></purpose><description></description><script></script><processid /><creationdate>2022-02-09T23:24:10.26449</creationdate><transactionalinfo /><createnewjobinfo><cnjprocessid></cnjprocessid><initparams></initparams><outputs></outputs><varid></varid><jobtype>0</jobtype><reftype>0</reftype></createnewjobinfo><scriptprogid></scriptprogid><preloadscript>1</preloadscript><assocfile></assocfile><designinfo /><sleepinfo>0</sleepinfo><jobowneridinfo></jobowneridinfo><jobownervaridinfo></jobownervaridinfo><negativelagtime>0</negativelagtime><dynduedate>0</dynduedate><dynduedatevar /><dyntargetdurationvar /><sendemail>0</sendemail><emailto>0</emailto><subjecttext></subjecttext><subjectvar></subjectvar><contenttext></contenttext><contentvar></contentvar><urltext></urltext><urlvar></urlvar><appendassocfile>0</appendassocfile><dotnet><dotnetactivity><assemblyid>TotalAgility.Sdk.dll</assemblyid><assemblyloadtype>0</assemblyloadtype><assemblyname>TotalAgility.Sdk.dll</assemblyname><classname>TotalAgility.Sdk.ServerService</classname><methodname>ExecuteLoop</methodname><duplicatemethodno>1</duplicatemethodno><noofparams>0</noofparams><paramsmappingxmltag>&lt;parameters&gt;&lt;param direction="in" source="SPP_SYSTEM_SESSION_ID" field="SPP_SYSTEM_SESSION_ID" datatype="System.String" value="SPP_SYSTEM_SESSION_ID" name="sessionId" selection="false" /&gt;&lt;param direction="in" source="DOCFOLDER_8A3DFE7947444402A4FB47BD0CA2ADD5" field="DOCFOLDER_8A3DFE7947444402A4FB47BD0CA2ADD5" datatype="System.Object" value="DOCFOLDER_8A3DFE7947444402A4FB47BD0CA2ADD5" name="complexVariableValue" selection="false" /&gt;&lt;param direction="in" source="inline" field="" datatype="System.Int32" value="1" name="numberOfColumns" selection="false" /&gt;&lt;param direction="in" source="CURRENTDOCINDEX" field="CURRENTDOCINDEX" datatype="System.Int32" value="CURRENTDOCINDEX" name="startIndex" selection="false" /&gt;&lt;param direction="in" source="" field="" datatype="Agility.Sdk.Model.Variables.ComplexVarColumnMapping[]" value="" name="varMembers" selection="false"&gt;&lt;member name="" source="" type="Agility.Sdk.Model.Variables.ComplexVarColumnMapping" value="" field="" selection="false" index="0"&gt;&lt;member name="ColumnIndex" source="inline" type="System.Int32" value="0" field="" selection="false" index="0" /&gt;&lt;member name="Value" source="DOCUMENT" type="System.Object" value="DOCUMENT" field="DOCUMENT" selection="false" index="0" /&gt;&lt;/member&gt;&lt;/param&gt;&lt;param direction="ret" source="" field="" datatype="Agility.Sdk.Model.Server.LoopOutput" value="" name="Return Parameter" selection="false"&gt;&lt;member name="UpdatedIndex" source="CURRENTDOCINDEX" type="System.Int32" value="CURRENTDOCINDEX" field="CURRENTDOCINDEX" selection="false" index="0" /&gt;&lt;member name="RowFound" source="ROWFOUND" type="System.Boolean" value="ROWFOUND" field="ROWFOUND" selection="false" index="0" /&gt;&lt;member name="VariableMappings" source="" type="Agility.Sdk.Model.Variables.ComplexVarColumnMapping[]" value="" field="" selection="false" index="0"&gt;&lt;member name="" source="" type="Agility.Sdk.Model.Variables.ComplexVarColumnMapping" value="" field="" selection="false" index="0"&gt;&lt;member name="Value" source="DOCUMENT" type="System.Object" value="DOCUMENT" field="DOCUMENT" selection="false" index="0" /&gt;&lt;/member&gt;&lt;/member&gt;&lt;/param&gt;&lt;/parameters&gt;</paramsmappingxmltag></dotnetactivity></dotnet><webservice /><activityinfo><useadvworkflowrules>0</useadvworkflowrules><seqactivityassignment>0</seqactivityassignment><concuractivityaccess>0</concuractivityaccess><noofusableresourcesreq>0</noofusableresourcesreq><exitcondition /><expandgroups>0</expandgroups><noofusableresourcesreqvarid /></activityinfo><categoryid>E5EC21D22FE44AD0A037EF502836D380</categoryid><poolid>0</poolid><activityruntimesettings>0</activityruntimesettings><activityragamberthreshold>0</activityragamberthreshold><activityragredthreshold>0</activityragredthreshold><activityragblackthreshold>0</activityragblackthreshold><activityragpurplethreshold>0</activityragpurplethreshold><form /><xmldata /><dataaccess /><getresourceinfo /><jobvariableinfo /><baminfo /><bpescalations /><preconditionslist /><preconditiontext></preconditiontext><startmethod></startmethod><classnamespace></classnamespace><resetlimit>-1</resetlimit><activitytimedoutaction>0</activitytimedoutaction><suspendreasontext></suspendreasontext><suspendreasonvarid></suspendreasonvarid></activitydata></node><node><nodetype>2</nodetype><nodedata><processid>6606AE0096A764C5073928EB0AFE792E</processid><version>11.000000</version><nodeid>5</nodeid><isstartnode>0</isstartnode><nodetype>2</nodetype><designtimetype>0</designtimetype><activationprobability>100</activationprobability><embeddedname></embeddedname><state /><statescope>0</statescope><activitymilestone /><activitymilestonescope>0</activitymilestonescope><activitypendmilestone></activitypendmilestone><activitypendmilestonescope>0</activitypendmilestonescope><activitydonemilestone></activitydonemilestone><activitydonemilestonescope>0</activitydonemilestonescope><nodependevent /><nodependeventscope>0</nodependeventscope><nodedoneevent /><nodedoneeventscope>0</nodedoneeventscope><titleposno>5</titleposno><embeddedproccount>0</embeddedproccount><iscustomnode>0</iscustomnode><designtimesettings>&lt;designtimesettings&gt;&lt;xposition&gt;1020&lt;/xposition&gt;&lt;yposition&gt;586.166687011719&lt;/yposition&gt;&lt;width&gt;60&lt;/width&gt;&lt;height&gt;60&lt;/height&gt;&lt;inheritcolorfromsystem&gt;True&lt;/inheritcolorfromsystem&gt;&lt;colour&gt;#FFD5DC43&lt;/colour&gt;&lt;textposition&gt;Top&lt;/textposition&gt;&lt;conditionpathdescription /&gt;&lt;lane&gt;&lt;name /&gt;&lt;index&gt;0&lt;/index&gt;&lt;poolid /&gt;&lt;height&gt;0&lt;/height&gt;&lt;/lane&gt;&lt;annotations /&gt;&lt;attachments /&gt;&lt;/designtimesettings&gt;</designtimesettings><attachments></attachments><annotations></annotations><dependants /><destinationnodes><destinationnode><nodeid>6</nodeid><nodetype>1</nodetype></destinationnode><destinationnode><nodeid>7</nodeid><nodetype>6</nodetype></destinationnode></destinationnodes><originnodes><originnode><nodeid>4</nodeid><nodetype>2</nodetype></originnode></originnodes><branchingrules /><runtimesettings>0</runtimesettings></nodedata><decisiondata><decisionname>If Doc Found</decisionname><description></description><decisiontext>&lt;Rule xmlns:xsd="http://www.w3.org/2001/XMLSchema" xmlns:xsi="http://www.w3.org/2001/XMLSchema-instance"&gt;&lt;RuleInputs&gt;&lt;RuleInput&gt;&lt;Id&gt;ROWFOUND&lt;/Id&gt;&lt;Scope&gt;None&lt;/Scope&gt;&lt;VariableType&gt;Bool&lt;/VariableType&gt;&lt;/RuleInput&gt;&lt;/RuleInputs&gt;&lt;Script&gt;¬ROWFOUND¬&lt;/Script&gt;&lt;RuleType&gt;Decision&lt;/RuleType&gt;&lt;/Rule&gt;</decisiontext><trueid>6</trueid><trackstorejvh>0</trackstorejvh><casesensetive>1</casesensetive><inputvariables><inputvariable><varid>ROWFOUND</varid></inputvariable></inputvariables></decisiondata></node><node><nodetype>1</nodetype><nodedata><processid>6606AE0096A764C5073928EB0AFE792E</processid><version>11.000000</version><nodeid>6</nodeid><isstartnode>0</isstartnode><nodetype>1</nodetype><designtimetype>33</designtimetype><activationprobability>100</activationprobability><embeddedname></embeddedname><state /><statescope>0</statescope><activitymilestone></activitymilestone><activitymilestonescope>0</activitymilestonescope><activitypendmilestone></activitypendmilestone><activitypendmilestonescope>0</activitypendmilestonescope><activitydonemilestone></activitydonemilestone><activitydonemilestonescope>0</activitydonemilestonescope><nodependevent /><nodependeventscope>0</nodependeventscope><nodedoneevent /><nodedoneeventscope>0</nodedoneeventscope><titleposno>5</titleposno><embeddedproccount>0</embeddedproccount><iscustomnode>0</iscustomnode><designtimesettings>&lt;designtimesettings&gt;&lt;xposition&gt;1175&lt;/xposition&gt;&lt;yposition&gt;531.166687011719&lt;/yposition&gt;&lt;width&gt;90&lt;/width&gt;&lt;height&gt;90&lt;/height&gt;&lt;inheritcolorfromsystem&gt;True&lt;/inheritcolorfromsystem&gt;&lt;colour&gt;#FFF2F2F2FF&lt;/colour&gt;&lt;textposition&gt;Top&lt;/textposition&gt;&lt;conditionpathdescription /&gt;&lt;lane&gt;&lt;name /&gt;&lt;index&gt;0&lt;/index&gt;&lt;poolid /&gt;&lt;height&gt;0&lt;/height&gt;&lt;/lane&gt;&lt;annotations&gt;&lt;annotation&gt;&lt;xposition&gt;1175&lt;/xposition&gt;&lt;yposition&gt;379.166687011719&lt;/yposition&gt;&lt;height&gt;110&lt;/height&gt;&lt;width&gt;150&lt;/width&gt;&lt;text&gt;Complete any data transformation needed (e.x. converting a date from MM/DD/YYYY to DD/MM/YYYY)&lt;/text&gt;&lt;id&gt;6234C80510B71611B2F135D72083A5B2&lt;/id&gt;&lt;lane&gt;&lt;name /&gt;&lt;index&gt;0&lt;/index&gt;&lt;poolid /&gt;&lt;/lane&gt;&lt;/annotation&gt;&lt;/annotations&gt;&lt;attachments /&gt;&lt;resourcenotes /&gt;&lt;/designtimesettings&gt;</designtimesettings><attachments></attachments><annotations><annotation><text>Complete any data transformation needed (e.x. converting a date from MM/DD/YYYY to DD/MM/YYYY)</text></annotation></annotations><dependants /><destinationnodes><destinationnode><nodeid>8</nodeid><nodetype>1</nodetype></destinationnode></destinationnodes><originnodes><originnode><nodeid>5</nodeid><nodetype>1</nodetype></originnode></originnodes><branchingrules /><runtimesettings>0</runtimesettings></nodedata><activitydata><inputvariables><inputvariable><varid>SPP_SYSTEM_SESSION_ID</varid></inputvariable><inputvariable><varid>ACCOUNTNAME</varid></inputvariable><inputvariable><varid>DOCUMENT_8027904883161F1E7F8DD9368F5A73F0</varid></inputvariable><inputvariable><varid>CASETITLE</varid></inputvariable><inputvariable><varid>DOCUMENT_6D4E0967F750413DAE5367CB9926BB82</varid></inputvariable><inputvariable><varid>CASEDESC</varid></inputvariable><inputvariable><varid>DOCUMENT_6E3D4DB752E7871FE221AB2A8076576B</varid></inputvariable></inputvariables><outputvariables /><requiredresources /><usableresources /><dynamicresourcesdata><overwriteusableresources>0</overwriteusableresources><dynamicresourcesvariables /></dynamicresourcesdata><targettime>0</targettime><delaytime>0</delaytime><expectedcost>0.000000</expectedcost><securitylevel>10</securitylevel><skilllevel>10</skilllevel><useprevioususer>0</useprevioususer><tasktype>7</tasktype><priority>1</priority><automatic>1</automatic><trackstorejvh>0</trackstorejvh><usesameasprevious>0</usesameasprevious><taskid>0</taskid><usesameasprevioustype>0</usesameasprevioustype><fixedcost>0.000000</fixedcost><taskname>Prep Data</taskname><resourceid /><createdby>4EFFC98F46854ABFA36177A564100FD0</createdby><purpose></purpose><description></description><script></script><processid /><creationdate>2022-02-09T23:24:10.26449</creationdate><transactionalinfo /><createnewjobinfo><cnjprocessid></cnjprocessid><initparams></initparams><outputs></outputs><varid></varid><jobtype>0</jobtype><reftype>0</reftype></createnewjobinfo><scriptprogid></scriptprogid><preloadscript>1</preloadscript><assocfile></assocfile><designinfo /><sleepinfo>0</sleepinfo><jobowneridinfo></jobowneridinfo><jobownervaridinfo></jobownervaridinfo><negativelagtime>0</negativelagtime><dynduedate>0</dynduedate><dynduedatevar /><dyntargetdurationvar /><sendemail>0</sendemail><emailto>0</emailto><subjecttext></subjecttext><subjectvar></subjectvar><contenttext></contenttext><contentvar></contentvar><urltext></urltext><urlvar></urlvar><appendassocfile>0</appendassocfile><dotnet><dotnetactivity><assemblyid>TotalAgility.Sdk.dll</assemblyid><assemblyloadtype>0</assemblyloadtype><assemblyname>TotalAgility.Sdk.dll</assemblyname><classname>TotalAgility.Sdk.ServerService</classname><methodname>ExecuteCalculationNode</methodname><duplicatemethodno>1</duplicatemethodno><noofparams>0</noofparams><paramsmappingxmltag>&lt;parameters&gt;&lt;param direction="in" source="SPP_SYSTEM_SESSION_ID" field="SPP_SYSTEM_SESSION_ID" datatype="System.String" value="SPP_SYSTEM_SESSION_ID" name="sessionId" selection="false" /&gt;&lt;param direction="in" source="" field="" datatype="Agility.Sdk.Model.Calculations.CalculationNode" value="" name="CalculationNode" selection="false"&gt;&lt;member name="ProcessActivityIdentity" source="" type="Agility.Sdk.Model.Activities.ProcessActivityIdentity" value="" field="" selection="false" index="0"&gt;&lt;member name="ProcessIdentity" source="" type="Agility.Sdk.Model.Processes.ProcessIdentity" value="" field="" selection="false" index="0"&gt;&lt;member name="Id" source="inline" type="System.String" value="6606AE0096A764C5073928EB0AFE792E" field="" selection="false" index="0" /&gt;&lt;member name="Name" source="inline" type="System.String" value="Case Form to D365CE" field="" selection="false" index="0" /&gt;&lt;member name="Version" source="inline" type="System.Double" value="11" field="" selection="false" index="0" /&gt;&lt;/member&gt;&lt;member name="NodeId" source="inline" type="System.Int16" value="6" field="" selection="false" index="0" /&gt;&lt;member name="ActivityName" source="inline" type="System.String" value="Prep Data" field="" selection="false" index="0" /&gt;&lt;/member&gt;&lt;member name="InputVariables" source="" type="Agility.Sdk.Model.Variables.InputVariable[]" value="" field="" selection="false" index="0"&gt;&lt;member name="" source="" type="Agility.Sdk.Model.Variables.InputVariable" value="" field="" selection="false" index="0"&gt;&lt;member name="Id" source="inline" type="System.String" value="SPP_SYSTEM_SESSION_ID" field="" selection="false" index="0" /&gt;&lt;member name="Value" source="SPP_SYSTEM_SESSION_ID" type="System.Object" value="SPP_SYSTEM_SESSION_ID" field="SPP_SYSTEM_SESSION_ID" selection="false" index="0" /&gt;&lt;/member&gt;&lt;member name="" source="" type="Agility.Sdk.Model.Variables.InputVariable" value="" field="" selection="false" index="0"&gt;&lt;member name="Id" source="inline" type="System.String" value="ACCOUNTNAME" field="" selection="false" index="0" /&gt;&lt;member name="Value" source="ACCOUNTNAME" type="System.Object" value="ACCOUNTNAME" field="ACCOUNTNAME" selection="false" index="0" /&gt;&lt;/member&gt;&lt;member name="" source="" type="Agility.Sdk.Model.Variables.InputVariable" value="" field="" selection="false" index="0"&gt;&lt;member name="Id" source="inline" type="System.String" value="DOCUMENT_8027904883161F1E7F8DD9368F5A73F0" field="" selection="false" index="0" /&gt;&lt;member name="Value" source="DOCUMENT_8027904883161F1E7F8DD9368F5A73F0" type="System.Object" value="DOCUMENT_8027904883161F1E7F8DD9368F5A73F0" field="DOCUMENT_8027904883161F1E7F8DD9368F5A73F0" selection="false" index="0" /&gt;&lt;/member&gt;&lt;member name="" source="" type="Agility.Sdk.Model.Variables.InputVariable" value="" field="" selection="false" index="0"&gt;&lt;member name="Id" source="inline" type="System.String" value="CASETITLE" field="" selection="false" index="0" /&gt;&lt;member name="Value" source="CASETITLE" type="System.Object" value="CASETITLE" field="CASETITLE" selection="false" index="0" /&gt;&lt;/member&gt;&lt;member name="" source="" type="Agility.Sdk.Model.Variables.InputVariable" value="" field="" selection="false" index="0"&gt;&lt;member name="Id" source="inline" type="System.String" value="DOCUMENT_6D4E0967F750413DAE5367CB9926BB82" field="" selection="false" index="0" /&gt;&lt;member name="Value" source="DOCUMENT_6D4E0967F750413DAE5367CB9926BB82" type="System.Object" value="DOCUMENT_6D4E0967F750413DAE5367CB9926BB82" field="DOCUMENT_6D4E0967F750413DAE5367CB9926BB82" selection="false" index="0" /&gt;&lt;/member&gt;&lt;member name="" source="" type="Agility.Sdk.Model.Variables.InputVariable" value="" field="" selection="false" index="0"&gt;&lt;member name="Id" source="inline" type="System.String" value="CASEDESC" field="" selection="false" index="0" /&gt;&lt;member name="Value" source="CASEDESC" type="System.Object" value="CASEDESC" field="CASEDESC" selection="false" index="0" /&gt;&lt;/member&gt;&lt;member name="" source="" type="Agility.Sdk.Model.Variables.InputVariable" value="" field="" selection="false" index="0"&gt;&lt;member name="Id" source="inline" type="System.String" value="DOCUMENT_6E3D4DB752E7871FE221AB2A8076576B" field="" selection="false" index="0" /&gt;&lt;member name="Value" source="DOCUMENT_6E3D4DB752E7871FE221AB2A8076576B" type="System.Object" value="DOCUMENT_6E3D4DB752E7871FE221AB2A8076576B" field="DOCUMENT_6E3D4DB752E7871FE221AB2A8076576B" selection="false" index="0" /&gt;&lt;/member&gt;&lt;/member&gt;&lt;member name="CalculationScriptCollection" source="" type="Agility.Sdk.Model.Calculations.CalculationScript[]" value="" field="" selection="false" index="0"&gt;&lt;member name="" source="" type="Agility.Sdk.Model.Calculations.CalculationScript" value="" field="" selection="false" index="0"&gt;&lt;member name="Script" source="inline" type="System.String" value="&amp;lt;?xml version=&amp;quot;1.0&amp;quot; encoding=&amp;quot;utf-16&amp;quot;?&amp;gt;&amp;lt;Rule xmlns:xsd=&amp;quot;http://www.w3.org/2001/XMLSchema&amp;quot; xmlns:xsi=&amp;quot;http://www.w3.org/2001/XMLSchema-instance&amp;quot;&amp;gt;&amp;lt;RuleInputs&amp;gt;&amp;lt;RuleInput&amp;gt;&amp;lt;Id&amp;gt;DOCUMENT_8027904883161F1E7F8DD9368F5A73F0&amp;lt;/Id&amp;gt;&amp;lt;Scope&amp;gt;None&amp;lt;/Scope&amp;gt;&amp;lt;VariableType&amp;gt;String&amp;lt;/VariableType&amp;gt;&amp;lt;/RuleInput&amp;gt;&amp;lt;/RuleInputs&amp;gt;&amp;lt;Script&amp;gt;¬DOCUMENT_8027904883161F1E7F8DD9368F5A73F0¬&amp;lt;/Script&amp;gt;&amp;lt;RuleType&amp;gt;Expression&amp;lt;/RuleType&amp;gt;&amp;lt;/Rule&amp;gt;" field="" selection="false" index="0" /&gt;&lt;member name="Description" source="inline" type="System.String" value="" field="" selection="false" index="0" /&gt;&lt;member name="TargetVariable" source="" type="Agility.Sdk.Model.Variables.OutputVariable" value="" field="" selection="false" index="0"&gt;&lt;member name="Id" source="inline" type="System.String" value="ACCOUNTNAME" field="" selection="false" index="0" /&gt;&lt;member name="Value" source="ACCOUNTNAME" type="System.Object" value="ACCOUNTNAME" field="ACCOUNTNAME" selection="false" index="0" /&gt;&lt;/member&gt;&lt;member name="UseBusinessCalendar" source="inline" type="System.Boolean" value="False" field="" selection="false" index="0" /&gt;&lt;/member&gt;&lt;member name="" source="" type="Agility.Sdk.Model.Calculations.CalculationScript" value="" field="" selection="false" index="0"&gt;&lt;member name="Script" source="inline" type="System.String" value="&amp;lt;?xml version=&amp;quot;1.0&amp;quot; encoding=&amp;quot;utf-16&amp;quot;?&amp;gt;&amp;lt;Rule xmlns:xsd=&amp;quot;http://www.w3.org/2001/XMLSchema&amp;quot; xmlns:xsi=&amp;quot;http://www.w3.org/2001/XMLSchema-instance&amp;quot;&amp;gt;&amp;lt;RuleInputs&amp;gt;&amp;lt;RuleInput&amp;gt;&amp;lt;Id&amp;gt;DOCUMENT_6D4E0967F750413DAE5367CB9926BB82&amp;lt;/Id&amp;gt;&amp;lt;Scope&amp;gt;None&amp;lt;/Scope&amp;gt;&amp;lt;VariableType&amp;gt;String&amp;lt;/VariableType&amp;gt;&amp;lt;/RuleInput&amp;gt;&amp;lt;/RuleInputs&amp;gt;&amp;lt;Script&amp;gt;¬DOCUMENT_6D4E0967F750413DAE5367CB9926BB82¬&amp;lt;/Script&amp;gt;&amp;lt;RuleType&amp;gt;Expression&amp;lt;/RuleType&amp;gt;&amp;lt;/Rule&amp;gt;" field="" selection="false" index="0" /&gt;&lt;member name="Description" source="inline" type="System.String" value="" field="" selection="false" index="0" /&gt;&lt;member name="TargetVariable" source="" type="Agility.Sdk.Model.Variables.OutputVariable" value="" field="" selection="false" index="0"&gt;&lt;member name="Id" source="inline" type="System.String" value="CASETITLE" field="" selection="false" index="0" /&gt;&lt;member name="Value" source="CASETITLE" type="System.Object" value="CASETITLE" field="CASETITLE" selection="false" index="0" /&gt;&lt;/member&gt;&lt;member name="UseBusinessCalendar" source="inline" type="System.Boolean" value="False" field="" selection="false" index="0" /&gt;&lt;/member&gt;&lt;member name="" source="" type="Agility.Sdk.Model.Calculations.CalculationScript" value="" field="" selection="false" index="0"&gt;&lt;member name="Script" source="inline" type="System.String" value="&amp;lt;?xml version=&amp;quot;1.0&amp;quot; encoding=&amp;quot;utf-16&amp;quot;?&amp;gt;&amp;lt;Rule xmlns:xsd=&amp;quot;http://www.w3.org/2001/XMLSchema&amp;quot; xmlns:xsi=&amp;quot;http://www.w3.org/2001/XMLSchema-instance&amp;quot;&amp;gt;&amp;lt;RuleInputs&amp;gt;&amp;lt;RuleInput&amp;gt;&amp;lt;Id&amp;gt;DOCUMENT_6E3D4DB752E7871FE221AB2A8076576B&amp;lt;/Id&amp;gt;&amp;lt;Scope&amp;gt;None&amp;lt;/Scope&amp;gt;&amp;lt;VariableType&amp;gt;String&amp;lt;/VariableType&amp;gt;&amp;lt;/RuleInput&amp;gt;&amp;lt;/RuleInputs&amp;gt;&amp;lt;Script&amp;gt;¬DOCUMENT_6E3D4DB752E7871FE221AB2A8076576B¬&amp;lt;/Script&amp;gt;&amp;lt;RuleType&amp;gt;Expression&amp;lt;/RuleType&amp;gt;&amp;lt;/Rule&amp;gt;" field="" selection="false" index="0" /&gt;&lt;member name="Description" source="inline" type="System.String" value="" field="" selection="false" index="0" /&gt;&lt;member name="TargetVariable" source="" type="Agility.Sdk.Model.Variables.OutputVariable" value="" field="" selection="false" index="0"&gt;&lt;member name="Id" source="inline" type="System.String" value="CASEDESC" field="" selection="false" index="0" /&gt;&lt;member name="Value" source="CASEDESC" type="System.Object" value="CASEDESC" field="CASEDESC" selection="false" index="0" /&gt;&lt;/member&gt;&lt;member name="UseBusinessCalendar" source="inline" type="System.Boolean" value="False" field="" selection="false" index="0" /&gt;&lt;/member&gt;&lt;/member&gt;&lt;/param&gt;&lt;param direction="ret" source="" field="" datatype="Agility.Sdk.Model.Variables.OutputVariable[]" value="" name="Return Parameter" selection="false"&gt;&lt;member name="" source="" type="Agility.Sdk.Model.Variables.OutputVariable" value="" field="" selection="false" index="0"&gt;&lt;member name="Id" source="inline" type="System.String" value="ACCOUNTNAME" field="" selection="false" index="0" /&gt;&lt;member name="Value" source="ACCOUNTNAME" type="System.Object" value="ACCOUNTNAME" field="ACCOUNTNAME" selection="false" index="0" /&gt;&lt;/member&gt;&lt;member name="" source="" type="Agility.Sdk.Model.Variables.OutputVariable" value="" field="" selection="false" index="0"&gt;&lt;member name="Id" source="inline" type="System.String" value="CASETITLE" field="" selection="false" index="0" /&gt;&lt;member name="Value" source="CASETITLE" type="System.Object" value="CASETITLE" field="CASETITLE" selection="false" index="0" /&gt;&lt;/member&gt;&lt;member name="" source="" type="Agility.Sdk.Model.Variables.OutputVariable" value="" field="" selection="false" index="0"&gt;&lt;member name="Id" source="inline" type="System.String" value="CASEDESC" field="" selection="false" index="0" /&gt;&lt;member name="Value" source="CASEDESC" type="System.Object" value="CASEDESC" field="CASEDESC" selection="false" index="0" /&gt;&lt;/member&gt;&lt;/param&gt;&lt;/parameters&gt;</paramsmappingxmltag></dotnetactivity></dotnet><webservice /><activityinfo><useadvworkflowrules>0</useadvworkflowrules><seqactivityassignment>0</seqactivityassignment><concuractivityaccess>0</concuractivityaccess><noofusableresourcesreq>0</noofusableresourcesreq><exitcondition /><expandgroups>0</expandgroups><noofusableresourcesreqvarid /></activityinfo><categoryid>E5EC21D22FE44AD0A037EF502836D380</categoryid><poolid>0</poolid><activityruntimesettings>0</activityruntimesettings><activityragamberthreshold>0</activityragamberthreshold><activityragredthreshold>0</activityragredthreshold><activityragblackthreshold>0</activityragblackthreshold><activityragpurplethreshold>0</activityragpurplethreshold><form /><xmldata /><dataaccess /><getresourceinfo /><jobvariableinfo /><baminfo /><bpescalations /><preconditionslist /><preconditiontext></preconditiontext><startmethod></startmethod><classnamespace></classnamespace><resetlimit>-1</resetlimit><activitytimedoutaction>0</activitytimedoutaction><suspendreasontext></suspendreasontext><suspendreasonvarid></suspendreasonvarid></activitydata></node><node><nodetype>6</nodetype><nodedata><processid>6606AE0096A764C5073928EB0AFE792E</processid><version>11.000000</version><nodeid>7</nodeid><isstartnode>0</isstartnode><nodetype>6</nodetype><designtimetype>0</designtimetype><activationprobability>100</activationprobability><embeddedname></embeddedname><state /><statescope>0</statescope><activitymilestone /><activitymilestonescope>0</activitymilestonescope><activitypendmilestone></activitypendmilestone><activitypendmilestonescope>0</activitypendmilestonescope><activitydonemilestone></activitydonemilestone><activitydonemilestonescope>0</activitydonemilestonescope><nodependevent /><nodependeventscope>0</nodependeventscope><nodedoneevent /><nodedoneeventscope>0</nodedoneeventscope><titleposno>5</titleposno><embeddedproccount>0</embeddedproccount><iscustomnode>0</iscustomnode><designtimesettings>&lt;designtimesettings&gt;&lt;xposition&gt;1175&lt;/xposition&gt;&lt;yposition&gt;656.166687011719&lt;/yposition&gt;&lt;width&gt;30&lt;/width&gt;&lt;height&gt;30&lt;/height&gt;&lt;inheritcolorfromsystem&gt;True&lt;/inheritcolorfromsystem&gt;&lt;colour&gt;#FF9B0000&lt;/colour&gt;&lt;eventtype&gt;Default&lt;/eventtype&gt;&lt;name&gt;End&lt;/name&gt;&lt;textposition&gt;Top&lt;/textposition&gt;&lt;conditionpathdescription /&gt;&lt;lane&gt;&lt;name /&gt;&lt;index&gt;0&lt;/index&gt;&lt;poolid /&gt;&lt;height&gt;0&lt;/height&gt;&lt;/lane&gt;&lt;annotations /&gt;&lt;attachments /&gt;&lt;/designtimesettings&gt;</designtimesettings><attachments></attachments><annotations></annotations><dependants /><destinationnodes /><originnodes><originnode><nodeid>5</nodeid><nodetype>6</nodetype></originnode></originnodes><branchingrules /><runtimesettings>0</runtimesettings></nodedata></node><node><nodetype>1</nodetype><nodedata><processid>6606AE0096A764C5073928EB0AFE792E</processid><version>11.000000</version><nodeid>8</nodeid><isstartnode>0</isstartnode><nodetype>1</nodetype><designtimetype>10009</designtimetype><activationprobability>100</activationprobability><embeddedname></embeddedname><state /><statescope>0</statescope><activitymilestone></activitymilestone><activitymilestonescope>0</activitymilestonescope><activitypendmilestone></activitypendmilestone><activitypendmilestonescope>0</activitypendmilestonescope><activitydonemilestone></activitydonemilestone><activitydonemilestonescope>0</activitydonemilestonescope><nodependevent /><nodependeventscope>0</nodependeventscope><nodedoneevent /><nodedoneeventscope>0</nodedoneeventscope><titleposno>5</titleposno><embeddedproccount>0</embeddedproccount><iscustomnode>0</iscustomnode><designtimesettings>&lt;designtimesettings&gt;&lt;xposition&gt;1345&lt;/xposition&gt;&lt;yposition&gt;531.166687011719&lt;/yposition&gt;&lt;width&gt;90&lt;/width&gt;&lt;height&gt;90&lt;/height&gt;&lt;inheritcolorfromsystem&gt;True&lt;/inheritcolorfromsystem&gt;&lt;colour&gt;#FFF2F2F2FF&lt;/colour&gt;&lt;textposition&gt;Top&lt;/textposition&gt;&lt;conditionpathdescription /&gt;&lt;lane&gt;&lt;name /&gt;&lt;index&gt;0&lt;/index&gt;&lt;poolid /&gt;&lt;height&gt;0&lt;/height&gt;&lt;/lane&gt;&lt;annotations&gt;&lt;annotation&gt;&lt;xposition&gt;1345&lt;/xposition&gt;&lt;yposition&gt;676.166687011719&lt;/yposition&gt;&lt;height&gt;110&lt;/height&gt;&lt;width&gt;150&lt;/width&gt;&lt;text&gt;Calls the D365 Connector as a custom service to create a case&lt;/text&gt;&lt;id&gt;6A61AC0D9E089C959C30F30A173F525A&lt;/id&gt;&lt;lane&gt;&lt;name /&gt;&lt;index&gt;0&lt;/index&gt;&lt;poolid /&gt;&lt;/lane&gt;&lt;/annotation&gt;&lt;/annotations&gt;&lt;attachments /&gt;&lt;resourcenotes /&gt;&lt;/designtimesettings&gt;</designtimesettings><attachments></attachments><annotations><annotation><text>Calls the D365 Connector as a custom service to create a case</text></annotation></annotations><dependants /><destinationnodes><destinationnode><nodeid>9</nodeid><nodetype>1</nodetype></destinationnode></destinationnodes><originnodes><originnode><nodeid>6</nodeid><nodetype>1</nodetype></originnode></originnodes><branchingrules /><runtimesettings>0</runtimesettings></nodedata><activitydata><inputvariables><inputvariable><varid>SPP_SYSTEM_SESSION_ID</varid></inputvariable><inputvariable><varid>DIRECTORYTENANTID</varid></inputvariable><inputvariable><varid>APPCLIENTID</varid></inputvariable><inputvariable><varid>CLIENTSECRETVALUE</varid></inputvariable><inputvariable><varid>INSTANCEURL</varid></inputvariable><inputvariable><varid>ACCOUNTNAME</varid></inputvariable><inputvariable><varid>CASETITLE</varid></inputvariable><inputvariable><varid>CASEDESC</varid></inputvariable><inputvariable><varid>CREATECASESUCCESS</varid></inputvariable></inputvariables><outputvariables /><requiredresources /><usableresources /><dynamicresourcesdata><overwriteusableresources>0</overwriteusableresources><dynamicresourcesvariables /></dynamicresourcesdata><targettime>0</targettime><delaytime>0</delaytime><expectedcost>0.000000</expectedcost><securitylevel>10</securitylevel><skilllevel>10</skilllevel><useprevioususer>0</useprevioususer><tasktype>7</tasktype><priority>1</priority><automatic>1</automatic><trackstorejvh>0</trackstorejvh><usesameasprevious>0</usesameasprevious><taskid>0</taskid><usesameasprevioustype>0</usesameasprevioustype><fixedcost>0.000000</fixedcost><taskname>D365CE Connector Create Case</taskname><resourceid /><createdby>4EFFC98F46854ABFA36177A564100FD0</createdby><purpose></purpose><description></description><script></script><processid /><creationdate>2022-02-09T23:24:10.28008</creationdate><transactionalinfo /><createnewjobinfo><cnjprocessid></cnjprocessid><initparams></initparams><outputs></outputs><varid></varid><jobtype>0</jobtype><reftype>0</reftype></createnewjobinfo><scriptprogid></scriptprogid><preloadscript>1</preloadscript><assocfile></assocfile><designinfo /><sleepinfo>0</sleepinfo><jobowneridinfo></jobowneridinfo><jobownervaridinfo></jobownervaridinfo><negativelagtime>0</negativelagtime><dynduedate>0</dynduedate><dynduedatevar /><dyntargetdurationvar /><sendemail>0</sendemail><emailto>0</emailto><subjecttext></subjecttext><subjectvar></subjectvar><contenttext></contenttext><contentvar></contentvar><urltext></urltext><urlvar></urlvar><appendassocfile>0</appendassocfile><dotnet><dotnetactivity><assemblyid>TotalAgility.Sdk.dll</assemblyid><assemblyloadtype>0</assemblyloadtype><assemblyname>TotalAgility.Sdk.dll</assemblyname><classname>TotalAgility.Sdk.CustomActivityTypeService</classname><methodname>ExecuteCustomService</methodname><duplicatemethodno>1</duplicatemethodno><noofparams>0</noofparams><paramsmappingxmltag>&lt;parameters&gt;&lt;param direction="in" source="SPP_SYSTEM_SESSION_ID" field="SPP_SYSTEM_SESSION_ID" datatype="System.String" value="SPP_SYSTEM_SESSION_ID" name="sessionId" selection="false" /&gt;&lt;param direction="in" source="" field="" datatype="Agility.Sdk.Model.Activities.CustomServiceIdentity" value="" name="customServiceIdentity" selection="false"&gt;&lt;member name="Id" source="inline" type="System.String" value="A02CC378BA3C3CA71C46CD258705D021" field="" selection="false" index="0" /&gt;&lt;member name="Name" source="inline" type="System.String" value="D365CE Create Case Custom Service" field="" selection="false" index="0" /&gt;&lt;member name="Version" source="inline" type="System.Double" value="0" field="" selection="false" index="0" /&gt;&lt;/param&gt;&lt;param direction="in" source="" field="" datatype="Agility.Sdk.Model.Activities.CustomServiceInput[]" value="" name="inputs" selection="false"&gt;&lt;member name="" source="" type="Agility.Sdk.Model.Activities.CustomServiceInput" value="" field="" selection="false" index="0"&gt;&lt;member name="Name" source="inline" type="System.String" value="DIRECTORYTENANTID" field="" selection="false" index="0" /&gt;&lt;member name="Type" source="inline" type="System.Int16" value="8" field="" selection="false" index="0" /&gt;&lt;member name="Value" source="DIRECTORYTENANTID" type="System.Object" value="DIRECTORYTENANTID" field="DIRECTORYTENANTID" selection="false" index="0" /&gt;&lt;/member&gt;&lt;member name="" source="" type="Agility.Sdk.Model.Activities.CustomServiceInput" value="" field="" selection="false" index="0"&gt;&lt;member name="Name" source="inline" type="System.String" value="APPCLIENTID" field="" selection="false" index="0" /&gt;&lt;member name="Type" source="inline" type="System.Int16" value="8" field="" selection="false" index="0" /&gt;&lt;member name="Value" source="APPCLIENTID" type="System.Object" value="APPCLIENTID" field="APPCLIENTID" selection="false" index="0" /&gt;&lt;/member&gt;&lt;member name="" source="" type="Agility.Sdk.Model.Activities.CustomServiceInput" value="" field="" selection="false" index="0"&gt;&lt;member name="Name" source="inline" type="System.String" value="CLIENTSECRETVALUE" field="" selection="false" index="0" /&gt;&lt;member name="Type" source="inline" type="System.Int16" value="8" field="" selection="false" index="0" /&gt;&lt;member name="Value" source="CLIENTSECRETVALUE" type="System.Object" value="CLIENTSECRETVALUE" field="CLIENTSECRETVALUE" selection="false" index="0" /&gt;&lt;/member&gt;&lt;member name="" source="" type="Agility.Sdk.Model.Activities.CustomServiceInput" value="" field="" selection="false" index="0"&gt;&lt;member name="Name" source="inline" type="System.String" value="INSTANCEURL" field="" selection="false" index="0" /&gt;&lt;member name="Type" source="inline" type="System.Int16" value="8" field="" selection="false" index="0" /&gt;&lt;member name="Value" source="INSTANCEURL" type="System.Object" value="INSTANCEURL" field="INSTANCEURL" selection="false" index="0" /&gt;&lt;/member&gt;&lt;member name="" source="" type="Agility.Sdk.Model.Activities.CustomServiceInput" value="" field="" selection="false" index="0"&gt;&lt;member name="Name" source="inline" type="System.String" value="ACCOUNTNAME" field="" selection="false" index="0" /&gt;&lt;member name="Type" source="inline" type="System.Int16" value="8" field="" selection="false" index="0" /&gt;&lt;member name="Value" source="ACCOUNTNAME" type="System.Object" value="ACCOUNTNAME" field="ACCOUNTNAME" selection="false" index="0" /&gt;&lt;/member&gt;&lt;member name="" source="" type="Agility.Sdk.Model.Activities.CustomServiceInput" value="" field="" selection="false" index="0"&gt;&lt;member name="Name" source="inline" type="System.String" value="CASETITLE" field="" selection="false" index="0" /&gt;&lt;member name="Type" source="inline" type="System.Int16" value="8" field="" selection="false" index="0" /&gt;&lt;member name="Value" source="CASETITLE" type="System.Object" value="CASETITLE" field="CASETITLE" selection="false" index="0" /&gt;&lt;/member&gt;&lt;member name="" source="" type="Agility.Sdk.Model.Activities.CustomServiceInput" value="" field="" selection="false" index="0"&gt;&lt;member name="Name" source="inline" type="System.String" value="CASEDESCRIPTION" field="" selection="false" index="0" /&gt;&lt;member name="Type" source="inline" type="System.Int16" value="8" field="" selection="false" index="0" /&gt;&lt;member name="Value" source="CASEDESC" type="System.Object" value="CASEDESC" field="CASEDESC" selection="false" index="0" /&gt;&lt;/member&gt;&lt;/param&gt;&lt;param direction="ret" source="" field="" datatype="Agility.Sdk.Model.Activities.CustomServiceOutput[]" value="" name="Return Parameter" selection="false"&gt;&lt;member name="" source="" type="Agility.Sdk.Model.Activities.CustomServiceOutput" value="" field="" selection="false" index="0"&gt;&lt;member name="Name" source="inline" type="System.String" value="CREATECASESUCCESS" field="" selection="false" index="0" /&gt;&lt;member name="Type" source="inline" type="System.Int16" value="11" field="" selection="false" index="0" /&gt;&lt;member name="Value" source="CREATECASESUCCESS" type="System.Object" value="CREATECASESUCCESS" field="CREATECASESUCCESS" selection="false" index="0" /&gt;&lt;/member&gt;&lt;/param&gt;&lt;/parameters&gt;</paramsmappingxmltag></dotnetactivity></dotnet><webservice /><activityinfo><useadvworkflowrules>0</useadvworkflowrules><seqactivityassignment>0</seqactivityassignment><concuractivityaccess>0</concuractivityaccess><noofusableresourcesreq>0</noofusableresourcesreq><exitcondition /><expandgroups>0</expandgroups><noofusableresourcesreqvarid /></activityinfo><categoryid>E5EC21D22FE44AD0A037EF502836D380</categoryid><poolid>0</poolid><activityruntimesettings>0</activityruntimesettings><activityragamberthreshold>0</activityragamberthreshold><activityragredthreshold>0</activityragredthreshold><activityragblackthreshold>0</activityragblackthreshold><activityragpurplethreshold>0</activityragpurplethreshold><form /><xmldata /><dataaccess /><getresourceinfo /><jobvariableinfo /><baminfo /><bpescalations /><preconditionslist /><preconditiontext></preconditiontext><startmethod></startmethod><classnamespace></classnamespace><resetlimit>-1</resetlimit><activitytimedoutaction>0</activitytimedoutaction><suspendreasontext></suspendreasontext><suspendreasonvarid></suspendreasonvarid></activitydata></node><node><nodetype>1</nodetype><nodedata><processid>6606AE0096A764C5073928EB0AFE792E</processid><version>11.000000</version><nodeid>9</nodeid><isstartnode>0</isstartnode><nodetype>1</nodetype><designtimetype>1</designtimetype><activationprobability>100</activationprobability><embeddedname></embeddedname><state /><statescope>0</statescope><activitymilestone></activitymilestone><activitymilestonescope>0</activitymilestonescope><activitypendmilestone></activitypendmilestone><activitypendmilestonescope>0</activitypendmilestonescope><activitydonemilestone></activitydonemilestone><activitydonemilestonescope>0</activitydonemilestonescope><nodependevent /><nodependeventscope>0</nodependeventscope><nodedoneevent /><nodedoneeventscope>0</nodedoneeventscope><titleposno>5</titleposno><embeddedproccount>0</embeddedproccount><iscustomnode>0</iscustomnode><designtimesettings>&lt;designtimesettings&gt;&lt;xposition&gt;1515&lt;/xposition&gt;&lt;yposition&gt;531.166687011719&lt;/yposition&gt;&lt;width&gt;90&lt;/width&gt;&lt;height&gt;90&lt;/height&gt;&lt;inheritcolorfromsystem&gt;True&lt;/inheritcolorfromsystem&gt;&lt;colour&gt;#FFFFF9C4FF&lt;/colour&gt;&lt;textposition&gt;Top&lt;/textposition&gt;&lt;conditionpathdescription /&gt;&lt;lane&gt;&lt;name /&gt;&lt;index&gt;0&lt;/index&gt;&lt;poolid /&gt;&lt;height&gt;0&lt;/height&gt;&lt;/lane&gt;&lt;annotations&gt;&lt;annotation&gt;&lt;xposition&gt;1515&lt;/xposition&gt;&lt;yposition&gt;378.166687011719&lt;/yposition&gt;&lt;height&gt;110&lt;/height&gt;&lt;width&gt;150&lt;/width&gt;&lt;text&gt;Form to display the success or failure of creating the case in D365 CE&lt;/text&gt;&lt;id&gt;ADE019645A847359D62B2C9811A2AF3B&lt;/id&gt;&lt;lane&gt;&lt;name /&gt;&lt;index&gt;0&lt;/index&gt;&lt;poolid /&gt;&lt;/lane&gt;&lt;/annotation&gt;&lt;/annotations&gt;&lt;attachments /&gt;&lt;resourcenotes /&gt;&lt;/designtimesettings&gt;</designtimesettings><attachments></attachments><annotations><annotation><text>Form to display the success or failure of creating the case in D365 CE</text></annotation></annotations><dependants /><destinationnodes><destinationnode><nodeid>10</nodeid><nodetype>6</nodetype></destinationnode></destinationnodes><originnodes><originnode><nodeid>8</nodeid><nodetype>1</nodetype></originnode></originnodes><branchingrules /><runtimesettings>0</runtimesettings></nodedata><activitydata><inputvariables><inputvariable><varid>CREATECASESUCCESS</varid></inputvariable><inputvariable><varid>DOCUMENT_8027904883161F1E7F8DD9368F5A73F0</varid></inputvariable><inputvariable><varid>DOCUMENT_6E3D4DB752E7871FE221AB2A8076576B</varid></inputvariable><inputvariable><varid>DOCUMENT_6D4E0967F750413DAE5367CB9926BB82</varid></inputvariable></inputvariables><outputvariables /><requiredresources /><usableresources><resource><resourcetype>3</resourcetype><resourcename>Everyone</resourcename><resourceid>7DF43CCDF24611D2804B00104B71BD15</resourceid><serverid>7F6AEA32D2AA25489457A4E4F29CFA6B</serverid><unavailability>Default</unavailability><accesstype>0</accesstype><seqassignorder>1</seqassignorder><excluded>0</excluded></resource></usableresources><dynamicresourcesdata><overwriteusableresources>0</overwriteusableresources><dynamicresourcesvariables /></dynamicresourcesdata><targettime>172800</targettime><delaytime>0</delaytime><expectedcost>0.000000</expectedcost><securitylevel>10</securitylevel><skilllevel>10</skilllevel><useprevioususer>0</useprevioususer><tasktype>2</tasktype><priority>1</priority><automatic>0</automatic><trackstorejvh>0</trackstorejvh><usesameasprevious>0</usesameasprevious><taskid>0</taskid><usesameasprevioustype>0</usesameasprevioustype><fixedcost>0.000000</fixedcost><taskname>Create Case Confirmation</taskname><resourceid /><createdby>4EFFC98F46854ABFA36177A564100FD0</createdby><purpose></purpose><description></description><script></script><processid /><creationdate>2022-02-09T23:24:10.28008</creationdate><transactionalinfo /><createnewjobinfo><cnjprocessid></cnjprocessid><initparams></initparams><outputs></outputs><varid></varid><jobtype>0</jobtype><reftype>0</reftype></createnewjobinfo><scriptprogid></scriptprogid><preloadscript>1</preloadscript><assocfile>Case Form to D365CECreate Case Form.form</assocfile><designinfo /><sleepinfo>0</sleepinfo><jobowneridinfo></jobowneridinfo><jobownervaridinfo></jobownervaridinfo><negativelagtime>0</negativelagtime><dynduedate>0</dynduedate><dynduedatevar /><dyntargetdurationvar /><sendemail>0</sendemail><emailto>0</emailto><subjecttext></subjecttext><subjectvar></subjectvar><contenttext></contenttext><contentvar></contentvar><urltext></urltext><urlvar></urlvar><appendassocfile>0</appendassocfile><dotnet /><webservice /><activityinfo><useadvworkflowrules>0</useadvworkflowrules><seqactivityassignment>0</seqactivityassignment><concuractivityaccess>0</concuractivityaccess><noofusableresourcesreq>0</noofusableresourcesreq><exitcondition /><expandgroups>0</expandgroups><noofusableresourcesreqvarid /></activityinfo><categoryid>E5EC21D22FE44AD0A037EF502836D380</categoryid><poolid>0</poolid><activityruntimesettings>0</activityruntimesettings><activityragamberthreshold>86400</activityragamberthreshold><activityragredthreshold>0</activityragredthreshold><activityragblackthreshold>0</activityragblackthreshold><activityragpurplethreshold>0</activityragpurplethreshold><form /><xmldata /><dataaccess /><getresourceinfo /><jobvariableinfo /><baminfo /><bpescalations /><preconditionslist /><preconditiontext></preconditiontext><startmethod></startmethod><classnamespace></classnamespace><resetlimit>-1</resetlimit><activitytimedoutaction>0</activitytimedoutaction><suspendreasontext></suspendreasontext><suspendreasonvarid></suspendreasonvarid></activitydata></node><node><nodetype>6</nodetype><nodedata><processid>6606AE0096A764C5073928EB0AFE792E</processid><version>11.000000</version><nodeid>10</nodeid><isstartnode>0</isstartnode><nodetype>6</nodetype><designtimetype>0</designtimetype><activationprobability>100</activationprobability><embeddedname></embeddedname><state /><statescope>0</statescope><activitymilestone /><activitymilestonescope>0</activitymilestonescope><activitypendmilestone></activitypendmilestone><activitypendmilestonescope>0</activitypendmilestonescope><activitydonemilestone></activitydonemilestone><activitydonemilestonescope>0</activitydonemilestonescope><nodependevent /><nodependeventscope>0</nodependeventscope><nodedoneevent /><nodedoneeventscope>0</nodedoneeventscope><titleposno>5</titleposno><embeddedproccount>0</embeddedproccount><iscustomnode>0</iscustomnode><designtimesettings>&lt;designtimesettings&gt;&lt;xposition&gt;1655&lt;/xposition&gt;&lt;yposition&gt;531.166687011719&lt;/yposition&gt;&lt;width&gt;30&lt;/width&gt;&lt;height&gt;30&lt;/height&gt;&lt;inheritcolorfromsystem&gt;True&lt;/inheritcolorfromsystem&gt;&lt;colour&gt;#FF9B0000&lt;/colour&gt;&lt;eventtype&gt;Default&lt;/eventtype&gt;&lt;name&gt;End&lt;/name&gt;&lt;textposition&gt;Top&lt;/textposition&gt;&lt;conditionpathdescription /&gt;&lt;lane&gt;&lt;name /&gt;&lt;index&gt;0&lt;/index&gt;&lt;poolid /&gt;&lt;height&gt;0&lt;/height&gt;&lt;/lane&gt;&lt;annotations /&gt;&lt;attachments /&gt;&lt;/designtimesettings&gt;</designtimesettings><attachments></attachments><annotations></annotations><dependants /><destinationnodes /><originnodes><originnode><nodeid>9</nodeid><nodetype>6</nodetype></originnode></originnodes><branchingrules /><runtimesettings>0</runtimesettings></nodedata></node><node><nodetype>145</nodetype><nodedata><processid>6606AE0096A764C5073928EB0AFE792E</processid><version>11.000000</version><nodeid>11</nodeid><isstartnode>1</isstartnode><nodetype>145</nodetype><designtimetype>145</designtimetype><activationprobability>100</activationprobability><embeddedname></embeddedname><state /><statescope>0</statescope><activitymilestone></activitymilestone><activitymilestonescope>0</activitymilestonescope><activitypendmilestone></activitypendmilestone><activitypendmilestonescope>0</activitypendmilestonescope><activitydonemilestone></activitydonemilestone><activitydonemilestonescope>0</activitydonemilestonescope><nodependevent /><nodependeventscope>0</nodependeventscope><nodedoneevent /><nodedoneeventscope>0</nodedoneeventscope><titleposno>5</titleposno><embeddedproccount>0</embeddedproccount><iscustomnode>0</iscustomnode><designtimesettings>&lt;designtimesettings&gt;&lt;xposition&gt;184&lt;/xposition&gt;&lt;yposition&gt;586.166687011719&lt;/yposition&gt;&lt;width&gt;90&lt;/width&gt;&lt;height&gt;90&lt;/height&gt;&lt;inheritcolorfromsystem&gt;True&lt;/inheritcolorfromsystem&gt;&lt;colour&gt;#FFBBDEFBFF&lt;/colour&gt;&lt;textposition&gt;Top&lt;/textposition&gt;&lt;conditionpathdescription /&gt;&lt;lane&gt;&lt;name /&gt;&lt;index&gt;0&lt;/index&gt;&lt;poolid /&gt;&lt;height&gt;0&lt;/height&gt;&lt;/lane&gt;&lt;annotations&gt;&lt;annotation&gt;&lt;xposition&gt;184&lt;/xposition&gt;&lt;yposition&gt;731.166687011719&lt;/yposition&gt;&lt;height&gt;110&lt;/height&gt;&lt;width&gt;150&lt;/width&gt;&lt;text&gt;Converts document from current format to TIF (usually better results)&lt;/text&gt;&lt;id&gt;CEFDB10FF61349F10F79B1B2B28A461F&lt;/id&gt;&lt;lane&gt;&lt;name /&gt;&lt;index&gt;0&lt;/index&gt;&lt;poolid /&gt;&lt;/lane&gt;&lt;/annotation&gt;&lt;/annotations&gt;&lt;attachments /&gt;&lt;resourcenotes /&gt;&lt;/designtimesettings&gt;</designtimesettings><attachments></attachments><annotations><annotation><text>Converts document from current format to TIF (usually better results)</text></annotation></annotations><dependants /><destinationnodes><destinationnode><nodeid>1</nodeid><nodetype>26</nodetype></destinationnode></destinationnodes><originnodes /><branchingrules /><runtimesettings>0</runtimesettings></nodedata><activitydata><inputvariables><inputvariable><varid>DOCFOLDER</varid></inputvariable></inputvariables><outputvariables /><requiredresources /><usableresources /><dynamicresourcesdata><overwriteusableresources>0</overwriteusableresources><dynamicresourcesvariables /></dynamicresourcesdata><targettime>0</targettime><delaytime>0</delaytime><expectedcost>0.000000</expectedcost><securitylevel>10</securitylevel><skilllevel>10</skilllevel><useprevioususer>0</useprevioususer><tasktype>128</tasktype><priority>1</priority><automatic>1</automatic><trackstorejvh>0</trackstorejvh><usesameasprevious>0</usesameasprevious><taskid>0</taskid><usesameasprevioustype>0</usesameasprevioustype><fixedcost>0.000000</fixedcost><taskname>Doc Conversion</taskname><resourceid /><createdby>4EFFC98F46854ABFA36177A564100FD0</createdby><purpose></purpose><description></description><script></script><processid /><creationdate>2022-02-09T23:24:10.28008</creationdate><transactionalinfo /><createnewjobinfo><cnjprocessid></cnjprocessid><initparams></initparams><outputs></outputs><varid></varid><jobtype>0</jobtype><reftype>0</reftype></createnewjobinfo><scriptprogid></scriptprogid><preloadscript>1</preloadscript><assocfile></assocfile><designinfo /><sleepinfo>0</sleepinfo><jobowneridinfo></jobowneridinfo><jobownervaridinfo></jobownervaridinfo><negativelagtime>0</negativelagtime><dynduedate>0</dynduedate><dynduedatevar /><dyntargetdurationvar /><sendemail>0</sendemail><emailto>0</emailto><subjecttext></subjecttext><subjectvar></subjectvar><contenttext></contenttext><contentvar></contentvar><urltext></urltext><urlvar></urlvar><appendassocfile>0</appendassocfile><dotnet /><webservice /><activityinfo><useadvworkflowrules>0</useadvworkflowrules><seqactivityassignment>0</seqactivityassignment><concuractivityaccess>0</concuractivityaccess><noofusableresourcesreq>0</noofusableresourcesreq><exitcondition /><expandgroups>0</expandgroups><noofusableresourcesreqvarid /></activityinfo><categoryid>E5EC21D22FE44AD0A037EF502836D380</categoryid><poolid>0</poolid><activityruntimesettings>0</activityruntimesettings><activityragamberthreshold>0</activityragamberthreshold><activityragredthreshold>0</activityragredthreshold><activityragblackthreshold>0</activityragblackthreshold><activityragpurplethreshold>0</activityragpurplethreshold><form /><xmldata /><dataaccess /><getresourceinfo /><jobvariableinfo /><baminfo /><bpescalations /><preconditionslist /><preconditiontext></preconditiontext><startmethod></startmethod><classnamespace></classnamespace><settingsxml>&lt;?xml version="1.0" encoding="utf-16"?&gt;
&lt;DocumentConversionCaptureActivitySettings xmlns:xsd="http://www.w3.org/2001/XMLSchema" xmlns:xsi="http://www.w3.org/2001/XMLSchema-instance"&gt;
  &lt;DocumentConversionProfile&gt;
    &lt;Id&gt;D34EA7B15A7F84966DCF413B6C137BBA&lt;/Id&gt;
    &lt;Name&gt;Convert_to_TIF&lt;/Name&gt;
  &lt;/DocumentConversionProfile&gt;
  &lt;DocumentConversionProfileVariable&gt;
    &lt;Id /&gt;
    &lt;Version&gt;0&lt;/Version&gt;
    &lt;OwnerId /&gt;
    &lt;DisplayName /&gt;
  &lt;/DocumentConversionProfileVariable&gt;
  &lt;SavePagePdfData&gt;false&lt;/SavePagePdfData&gt;
&lt;/DocumentConversionCaptureActivitySettings&gt;</settingsxml><resetlimit>-1</resetlimit><activitytimedoutaction>0</activitytimedoutaction><suspendreasontext></suspendreasontext><suspendreasonvarid></suspendreasonvarid></activitydata></node></nodelist><documentprocessrulecollection /></processmap></processmaps>