<?xml version="1.0" encoding="utf-16"?>
<ArrayOfVariable xmlns:xsd="http://www.w3.org/2001/XMLSchema" xmlns:xsi="http://www.w3.org/2001/XMLSchema-instance">
  <Variable>
    <VariableType>System</VariableType>
    <Value xsi:type="xsd:string" />
    <Identity>
      <Id>SPP_SYSTEM_SESSION_ID</Id>
      <Version>0</Version>
      <DisplayName>SPP_SYSTEM_SESSION_ID</DisplayName>
    </Identity>
    <Dynamic>true</Dynamic>
    <Category>
      <Id>FBCB88103B4D414FAE8E38058F46CCF4</Id>
      <AutomaticallyPopulate>true</AutomaticallyPopulate>
      <Name />
    </Category>
    <Grouping>
      <Identity>
        <Id>4FEE4E069417475DAC5D2C2E5C95CA49</Id>
      </Identity>
      <Variables />
    </Grouping>
    <UseInSkin>false</UseInSkin>
    <Found>false</Found>
    <IsSecure>false</IsSecure>
    <VariableScope>Process</VariableScope>
    <IsDateExpression>false</IsDateExpression>
    <ErrorCodeMappingType>Static</ErrorCodeMappingType>
    <VariableDisplayProperties>
      <VariableIdentity>
        <Version>0</Version>
      </VariableIdentity>
      <StringVariableDisplayProperties>
        <VariableControlType>Singleline</VariableControlType>
        <MaxNumberOfCharacters>0</MaxNumberOfCharacters>
        <LookupIdentity />
        <StaticData />
        <Mandatory>false</Mandatory>
      </StringVariableDisplayProperties>
      <MinDate xsi:nil="true" />
      <MaxDate xsi:nil="true" />
      <DecimalPrecision>0</DecimalPrecision>
    </VariableDisplayProperties>
  </Variable>
  <Variable>
    <VariableType>String</VariableType>
    <Value xsi:type="xsd:string">f9b3d38e-6c9c-485b-8e3d-78176ef7619e</Value>
    <Identity>
      <Id>APPCLIENTID</Id>
      <Version>0</Version>
      <DisplayName>appClientId</DisplayName>
    </Identity>
    <Dynamic>false</Dynamic>
    <Category>
      <Id>E5EC21D22FE44AD0A037EF502836D380</Id>
      <AutomaticallyPopulate>true</AutomaticallyPopulate>
      <Name />
    </Category>
    <Grouping>
      <Identity>
        <Id>4FEE4E069417475DAC5D2C2E5C95CA49</Id>
      </Identity>
      <Variables />
    </Grouping>
    <UseInSkin>false</UseInSkin>
    <Found>false</Found>
    <IsSecure>false</IsSecure>
    <VariableScope>Process</VariableScope>
    <IsDateExpression>false</IsDateExpression>
    <ErrorCodeMappingType>Static</ErrorCodeMappingType>
    <VariableDisplayProperties>
      <VariableIdentity>
        <Version>0</Version>
      </VariableIdentity>
      <StringVariableDisplayProperties>
        <VariableControlType>Singleline</VariableControlType>
        <MaxNumberOfCharacters>0</MaxNumberOfCharacters>
        <LookupIdentity />
        <StaticData />
        <Mandatory>false</Mandatory>
      </StringVariableDisplayProperties>
      <MinDate xsi:nil="true" />
      <MaxDate xsi:nil="true" />
      <DecimalPrecision>0</DecimalPrecision>
    </VariableDisplayProperties>
  </Variable>
  <Variable>
    <VariableType>String</VariableType>
    <Value xsi:type="xsd:string">36_6CHHLte12XEu8s3C.4deRA30.iJY-Hn</Value>
    <Identity>
      <Id>CLIENTSECRETVALUE</Id>
      <Version>0</Version>
      <DisplayName>clientSecretValue</DisplayName>
    </Identity>
    <Dynamic>false</Dynamic>
    <Category>
      <Id>E5EC21D22FE44AD0A037EF502836D380</Id>
      <AutomaticallyPopulate>true</AutomaticallyPopulate>
      <Name />
    </Category>
    <Grouping>
      <Identity>
        <Id>4FEE4E069417475DAC5D2C2E5C95CA49</Id>
      </Identity>
      <Variables />
    </Grouping>
    <UseInSkin>false</UseInSkin>
    <Found>false</Found>
    <IsSecure>false</IsSecure>
    <VariableScope>Process</VariableScope>
    <IsDateExpression>false</IsDateExpression>
    <ErrorCodeMappingType>Static</ErrorCodeMappingType>
    <VariableDisplayProperties>
      <VariableIdentity>
        <Version>0</Version>
      </VariableIdentity>
      <StringVariableDisplayProperties>
        <VariableControlType>Singleline</VariableControlType>
        <MaxNumberOfCharacters>0</MaxNumberOfCharacters>
        <LookupIdentity />
        <StaticData />
        <Mandatory>false</Mandatory>
      </StringVariableDisplayProperties>
      <MinDate xsi:nil="true" />
      <MaxDate xsi:nil="true" />
      <DecimalPrecision>0</DecimalPrecision>
    </VariableDisplayProperties>
  </Variable>
  <Variable>
    <VariableType>String</VariableType>
    <Value xsi:type="xsd:string">f8bc8395-672f-45ce-9f85-f3a1872d2073</Value>
    <Identity>
      <Id>DIRECTORYTENANTID</Id>
      <Version>0</Version>
      <DisplayName>directoryTenantId</DisplayName>
    </Identity>
    <Dynamic>false</Dynamic>
    <Category>
      <Id>E5EC21D22FE44AD0A037EF502836D380</Id>
      <AutomaticallyPopulate>true</AutomaticallyPopulate>
      <Name />
    </Category>
    <Grouping>
      <Identity>
        <Id>4FEE4E069417475DAC5D2C2E5C95CA49</Id>
      </Identity>
      <Variables />
    </Grouping>
    <UseInSkin>false</UseInSkin>
    <Found>false</Found>
    <IsSecure>false</IsSecure>
    <VariableScope>Process</VariableScope>
    <IsDateExpression>false</IsDateExpression>
    <ErrorCodeMappingType>Static</ErrorCodeMappingType>
    <VariableDisplayProperties>
      <VariableIdentity>
        <Version>0</Version>
      </VariableIdentity>
      <StringVariableDisplayProperties>
        <VariableControlType>Singleline</VariableControlType>
        <MaxNumberOfCharacters>0</MaxNumberOfCharacters>
        <LookupIdentity />
        <StaticData />
        <Mandatory>false</Mandatory>
      </StringVariableDisplayProperties>
      <MinDate xsi:nil="true" />
      <MaxDate xsi:nil="true" />
      <DecimalPrecision>0</DecimalPrecision>
    </VariableDisplayProperties>
  </Variable>
  <Variable>
    <VariableType>String</VariableType>
    <Value xsi:type="xsd:string">https://orgebf85c25.crm.dynamics.com</Value>
    <Identity>
      <Id>INSTANCEURL</Id>
      <Version>0</Version>
      <DisplayName>instanceUrl</DisplayName>
    </Identity>
    <Dynamic>false</Dynamic>
    <Category>
      <Id>E5EC21D22FE44AD0A037EF502836D380</Id>
      <AutomaticallyPopulate>true</AutomaticallyPopulate>
      <Name />
    </Category>
    <Grouping>
      <Identity>
        <Id>4FEE4E069417475DAC5D2C2E5C95CA49</Id>
      </Identity>
      <Variables />
    </Grouping>
    <UseInSkin>false</UseInSkin>
    <Found>false</Found>
    <IsSecure>false</IsSecure>
    <VariableScope>Process</VariableScope>
    <IsDateExpression>false</IsDateExpression>
    <ErrorCodeMappingType>Static</ErrorCodeMappingType>
    <VariableDisplayProperties>
      <VariableIdentity>
        <Version>0</Version>
      </VariableIdentity>
      <StringVariableDisplayProperties>
        <VariableControlType>Singleline</VariableControlType>
        <MaxNumberOfCharacters>0</MaxNumberOfCharacters>
        <LookupIdentity />
        <StaticData />
        <Mandatory>false</Mandatory>
      </StringVariableDisplayProperties>
      <MinDate xsi:nil="true" />
      <MaxDate xsi:nil="true" />
      <DecimalPrecision>0</DecimalPrecision>
    </VariableDisplayProperties>
  </Variable>
  <Variable>
    <VariableType>String</VariableType>
    <Value xsi:type="xsd:string">enter your key</Value>
    <Identity>
      <Id>RESISTANT_AUTHNKEY</Id>
      <Version>0</Version>
      <DisplayName>Authorization Key</DisplayName>
    </Identity>
    <Dynamic>false</Dynamic>
    <Category>
      <Id>3F152E290EE84D9FBE81FF86CEF87BAF</Id>
      <AutomaticallyPopulate>true</AutomaticallyPopulate>
      <Name />
    </Category>
    <Grouping>
      <Identity>
        <Id>4FEE4E069417475DAC5D2C2E5C95CA49</Id>
      </Identity>
      <Variables />
    </Grouping>
    <UseInSkin>false</UseInSkin>
    <Found>false</Found>
    <IsSecure>false</IsSecure>
    <VariableScope>Process</VariableScope>
    <IsDateExpression>false</IsDateExpression>
    <ErrorCodeMappingType>Static</ErrorCodeMappingType>
    <VariableDisplayProperties>
      <VariableIdentity>
        <Version>0</Version>
      </VariableIdentity>
      <StringVariableDisplayProperties>
        <VariableControlType>Singleline</VariableControlType>
        <MaxNumberOfCharacters>0</MaxNumberOfCharacters>
        <LookupIdentity />
        <StaticData />
        <Mandatory>false</Mandatory>
      </StringVariableDisplayProperties>
      <MinDate xsi:nil="true" />
      <MaxDate xsi:nil="true" />
      <DecimalPrecision>0</DecimalPrecision>
    </VariableDisplayProperties>
  </Variable>
  <Variable>
    <VariableType>String</VariableType>
    <Value xsi:type="xsd:string">https://56er5r7b48.execute-api.ap-southeast-2.amazonaws.com/prod/v1/pdf/submit</Value>
    <Identity>
      <Id>RESISTANT_GETUPLOADURL</Id>
      <Version>0</Version>
      <DisplayName>GetUploadURL</DisplayName>
    </Identity>
    <Dynamic>false</Dynamic>
    <Category>
      <Id>3F152E290EE84D9FBE81FF86CEF87BAF</Id>
      <AutomaticallyPopulate>true</AutomaticallyPopulate>
      <Name />
    </Category>
    <Grouping>
      <Identity>
        <Id>4FEE4E069417475DAC5D2C2E5C95CA49</Id>
      </Identity>
      <Variables />
    </Grouping>
    <UseInSkin>false</UseInSkin>
    <Found>false</Found>
    <IsSecure>false</IsSecure>
    <VariableScope>Process</VariableScope>
    <IsDateExpression>false</IsDateExpression>
    <ErrorCodeMappingType>Static</ErrorCodeMappingType>
    <VariableDisplayProperties>
      <VariableIdentity>
        <Version>0</Version>
      </VariableIdentity>
      <StringVariableDisplayProperties>
        <VariableControlType>Singleline</VariableControlType>
        <MaxNumberOfCharacters>0</MaxNumberOfCharacters>
        <LookupIdentity />
        <StaticData />
        <Mandatory>false</Mandatory>
      </StringVariableDisplayProperties>
      <MinDate xsi:nil="true" />
      <MaxDate xsi:nil="true" />
      <DecimalPrecision>0</DecimalPrecision>
    </VariableDisplayProperties>
  </Variable>
  <Variable>
    <VariableType>String</VariableType>
    <Value xsi:type="xsd:string">https://demo1-dev.dmoeukta.dev.kofaxcloud.com/Services/Sdk</Value>
    <Identity>
      <Id>KTASERVICEURI</Id>
      <Version>0</Version>
      <DisplayName>KTAServiceUri</DisplayName>
    </Identity>
    <Dynamic>false</Dynamic>
    <Category>
      <Id>3F152E290EE84D9FBE81FF86CEF87BAF</Id>
      <AutomaticallyPopulate>true</AutomaticallyPopulate>
      <Name />
    </Category>
    <Grouping>
      <Identity>
        <Id>4FEE4E069417475DAC5D2C2E5C95CA49</Id>
      </Identity>
      <Variables />
    </Grouping>
    <UseInSkin>false</UseInSkin>
    <Found>false</Found>
    <IsSecure>false</IsSecure>
    <VariableScope>Process</VariableScope>
    <IsDateExpression>false</IsDateExpression>
    <ErrorCodeMappingType>Static</ErrorCodeMappingType>
    <VariableDisplayProperties>
      <VariableIdentity>
        <Version>0</Version>
      </VariableIdentity>
      <StringVariableDisplayProperties>
        <VariableControlType>Singleline</VariableControlType>
        <MaxNumberOfCharacters>0</MaxNumberOfCharacters>
        <LookupIdentity />
        <StaticData />
        <Mandatory>false</Mandatory>
      </StringVariableDisplayProperties>
      <MinDate xsi:nil="true" />
      <MaxDate xsi:nil="true" />
      <DecimalPrecision>0</DecimalPrecision>
    </VariableDisplayProperties>
  </Variable>
  <Variable>
    <VariableType>Bool</VariableType>
    <Value xsi:type="xsd:boolean">false</Value>
    <Identity>
      <Id>AP</Id>
      <Version>0</Version>
      <DisplayName>AP</DisplayName>
    </Identity>
    <Dynamic>false</Dynamic>
    <Category>
      <Id>EE3E6CC9049D4EE0BCD444A26C1EF452</Id>
      <AutomaticallyPopulate>true</AutomaticallyPopulate>
      <Name />
    </Category>
    <Grouping>
      <Identity>
        <Id>4FEE4E069417475DAC5D2C2E5C95CA49</Id>
      </Identity>
      <Variables />
    </Grouping>
    <UseInSkin>false</UseInSkin>
    <Found>false</Found>
    <IsSecure>false</IsSecure>
    <VariableScope>Process</VariableScope>
    <IsDateExpression>false</IsDateExpression>
    <ErrorCodeMappingType>Static</ErrorCodeMappingType>
    <VariableDisplayProperties>
      <VariableIdentity>
        <Version>0</Version>
      </VariableIdentity>
      <StringVariableDisplayProperties>
        <VariableControlType>Singleline</VariableControlType>
        <MaxNumberOfCharacters>0</MaxNumberOfCharacters>
        <LookupIdentity />
        <StaticData />
        <Mandatory>false</Mandatory>
      </StringVariableDisplayProperties>
      <MinDate xsi:nil="true" />
      <MaxDate xsi:nil="true" />
      <DecimalPrecision>0</DecimalPrecision>
    </VariableDisplayProperties>
  </Variable>
  <Variable>
    <VariableType>String</VariableType>
    <Value xsi:type="xsd:string">5NrbRpDbwMaFttLtPJQIS4YY6su78zSv7SfZ9rvA</Value>
    <Identity>
      <Id>AUTHKEY_IRE</Id>
      <Version>0</Version>
      <DisplayName>AuthKey_Ire</DisplayName>
    </Identity>
    <Dynamic>false</Dynamic>
    <Category>
      <Id>EE3E6CC9049D4EE0BCD444A26C1EF452</Id>
      <AutomaticallyPopulate>true</AutomaticallyPopulate>
      <Name />
    </Category>
    <Grouping>
      <Identity>
        <Id>4FEE4E069417475DAC5D2C2E5C95CA49</Id>
      </Identity>
      <Variables />
    </Grouping>
    <UseInSkin>false</UseInSkin>
    <Found>false</Found>
    <IsSecure>false</IsSecure>
    <VariableScope>Process</VariableScope>
    <IsDateExpression>false</IsDateExpression>
    <ErrorCodeMappingType>Static</ErrorCodeMappingType>
    <VariableDisplayProperties>
      <VariableIdentity>
        <Version>0</Version>
      </VariableIdentity>
      <StringVariableDisplayProperties>
        <VariableControlType>Singleline</VariableControlType>
        <MaxNumberOfCharacters>0</MaxNumberOfCharacters>
        <LookupIdentity />
        <StaticData />
        <Mandatory>false</Mandatory>
      </StringVariableDisplayProperties>
      <MinDate xsi:nil="true" />
      <MaxDate xsi:nil="true" />
      <DecimalPrecision>0</DecimalPrecision>
    </VariableDisplayProperties>
  </Variable>
  <Variable>
    <VariableType>String</VariableType>
    <Value xsi:type="xsd:string">https://api.pdf.resistant.ai/v1/pdf/submit</Value>
    <Identity>
      <Id>UPLOADURL_IRE</Id>
      <Version>0</Version>
      <DisplayName>UploadURL_Ire</DisplayName>
    </Identity>
    <Dynamic>false</Dynamic>
    <Category>
      <Id>EE3E6CC9049D4EE0BCD444A26C1EF452</Id>
      <AutomaticallyPopulate>true</AutomaticallyPopulate>
      <Name />
    </Category>
    <Grouping>
      <Identity>
        <Id>4FEE4E069417475DAC5D2C2E5C95CA49</Id>
      </Identity>
      <Variables />
    </Grouping>
    <UseInSkin>false</UseInSkin>
    <Found>false</Found>
    <IsSecure>false</IsSecure>
    <VariableScope>Process</VariableScope>
    <IsDateExpression>false</IsDateExpression>
    <ErrorCodeMappingType>Static</ErrorCodeMappingType>
    <VariableDisplayProperties>
      <VariableIdentity>
        <Version>0</Version>
      </VariableIdentity>
      <StringVariableDisplayProperties>
        <VariableControlType>Singleline</VariableControlType>
        <MaxNumberOfCharacters>0</MaxNumberOfCharacters>
        <LookupIdentity />
        <StaticData />
        <Mandatory>false</Mandatory>
      </StringVariableDisplayProperties>
      <MinDate xsi:nil="true" />
      <MaxDate xsi:nil="true" />
      <DecimalPrecision>0</DecimalPrecision>
    </VariableDisplayProperties>
  </Variable>
  <Variable>
    <VariableType>String</VariableType>
    <Value xsi:type="xsd:string">https://pdf.testing.resistant.ai/review-kofax/result/</Value>
    <Identity>
      <Id>DOCUMENTVIEWERURL</Id>
      <Version>0</Version>
      <DisplayName>Document Viewer URL</DisplayName>
    </Identity>
    <Dynamic>false</Dynamic>
    <Category>
      <Id>3F152E290EE84D9FBE81FF86CEF87BAF</Id>
      <AutomaticallyPopulate>true</AutomaticallyPopulate>
      <Name />
    </Category>
    <Grouping>
      <Identity>
        <Id>4FEE4E069417475DAC5D2C2E5C95CA49</Id>
      </Identity>
      <Variables />
    </Grouping>
    <UseInSkin>false</UseInSkin>
    <Found>false</Found>
    <IsSecure>false</IsSecure>
    <VariableScope>Process</VariableScope>
    <IsDateExpression>false</IsDateExpression>
    <ErrorCodeMappingType>Static</ErrorCodeMappingType>
    <VariableDisplayProperties>
      <VariableIdentity>
        <Version>0</Version>
      </VariableIdentity>
      <StringVariableDisplayProperties>
        <VariableControlType>Singleline</VariableControlType>
        <MaxNumberOfCharacters>0</MaxNumberOfCharacters>
        <LookupIdentity />
        <StaticData />
        <Mandatory>false</Mandatory>
      </StringVariableDisplayProperties>
      <MinDate xsi:nil="true" />
      <MaxDate xsi:nil="true" />
      <DecimalPrecision>0</DecimalPrecision>
    </VariableDisplayProperties>
  </Variable>
  <Variable>
    <VariableType>Long</VariableType>
    <Value xsi:type="xsd:int">604800</Value>
    <Identity>
      <Id>DISPLAYURLEXPIRYDURATIONINSECS</Id>
      <Version>0</Version>
      <DisplayName>DisplayURLExpiryDurationinSecs</DisplayName>
    </Identity>
    <Dynamic>false</Dynamic>
    <Category>
      <Id>EE3E6CC9049D4EE0BCD444A26C1EF452</Id>
      <AutomaticallyPopulate>true</AutomaticallyPopulate>
      <Name />
    </Category>
    <Grouping>
      <Identity>
        <Id>4FEE4E069417475DAC5D2C2E5C95CA49</Id>
      </Identity>
      <Variables />
    </Grouping>
    <UseInSkin>false</UseInSkin>
    <Found>false</Found>
    <IsSecure>false</IsSecure>
    <VariableScope>Process</VariableScope>
    <IsDateExpression>false</IsDateExpression>
    <ErrorCodeMappingType>Static</ErrorCodeMappingType>
    <VariableDisplayProperties>
      <VariableIdentity>
        <Version>0</Version>
      </VariableIdentity>
      <StringVariableDisplayProperties>
        <VariableControlType>Singleline</VariableControlType>
        <MaxNumberOfCharacters>0</MaxNumberOfCharacters>
        <LookupIdentity />
        <StaticData />
        <Mandatory>false</Mandatory>
      </StringVariableDisplayProperties>
      <MinDate xsi:nil="true" />
      <MaxDate xsi:nil="true" />
      <DecimalPrecision>0</DecimalPrecision>
    </VariableDisplayProperties>
  </Variable>
</ArrayOfVariable>