<?xml version="1.0" encoding="utf-16"?>
<ArrayOfClassificationGroup xmlns:xsd="http://www.w3.org/2001/XMLSchema" xmlns:xsi="http://www.w3.org/2001/XMLSchema-instance">
  <ClassificationGroup>
    <Identity>
      <Id>C866CF4286EC370507832C08A4C11887</Id>
      <AutomaticallyPopulate>true</AutomaticallyPopulate>
      <Version>2</Version>
      <Name>D365CE Case Form Classification Group</Name>
    </Identity>
    <Name>D365CE Case Form Classification Group</Name>
    <Description />
    <Status>Released</Status>
    <IsShared>false</IsShared>
    <Category>
      <Id>E5EC21D22FE44AD0A037EF502836D380</Id>
      <AutomaticallyPopulate>true</AutomaticallyPopulate>
      <Name>D365CE Connector</Name>
    </Category>
    <DocumentGroups>
      <DocumentGroupIdentity>
        <Id>E1B587993FF7E9FE66704614FF0EDF5E</Id>
        <AutomaticallyPopulate>true</AutomaticallyPopulate>
        <Version>1</Version>
        <Name>Case Forms</Name>
      </DocumentGroupIdentity>
    </DocumentGroups>
    <LastModifiedDate>2021-11-03T20:10:38.07</LastModifiedDate>
    <LastModifiedUser>
      <Id>4EFFC98F46854ABFA36177A564100FD0</Id>
      <AutomaticallyPopulate>true</AutomaticallyPopulate>
      <ResourceType>Worker</ResourceType>
      <EmailAddress />
      <UserId />
      <ManagerialLevel>0</ManagerialLevel>
    </LastModifiedUser>
    <LockedByModule>None</LockedByModule>
    <ClassificationOnlineLearningEnabled>false</ClassificationOnlineLearningEnabled>
    <ClassificationMaxDocCount>2000</ClassificationMaxDocCount>
    <ResourceAccessTokens>
      <ResourceAccess>
        <ResourceIdentity>
          <Id>7DF43CCDF24611D2804B00104B71BD15</Id>
          <AutomaticallyPopulate>true</AutomaticallyPopulate>
          <Name>Everyone</Name>
          <ResourceType>GroupOfWorkers</ResourceType>
          <EmailAddress />
          <UserId />
          <ManagerialLevel>0</ManagerialLevel>
        </ResourceIdentity>
        <AccessType>MaintenanceAccess</AccessType>
        <PermissionType>FullControl</PermissionType>
      </ResourceAccess>
    </ResourceAccessTokens>
    <ResourcePermissionType>NoAccess</ResourcePermissionType>
  </ClassificationGroup>
</ArrayOfClassificationGroup>