<?xml version="1.0" encoding="utf-16"?>
<ArrayOfWorkQueueDefinition xmlns:xsd="http://www.w3.org/2001/XMLSchema" xmlns:xsi="http://www.w3.org/2001/XMLSchema-instance">
  <WorkQueueDefinition>
    <Identity>
      <Id>1EB290C9A8FB4C1ABCEA7DCC951FFD90</Id>
      <AutomaticallyPopulate>true</AutomaticallyPopulate>
      <Name>ResistantWorkFLowColumns</Name>
      <LastModifiedOn>0001-01-01T00:00:00</LastModifiedOn>
    </Identity>
    <Id>1EB290C9A8FB4C1ABCEA7DCC951FFD90</Id>
    <Name>ResistantWorkFLowColumns</Name>
    <CategoryIdentity>
      <Id>3F152E290EE84D9FBE81FF86CEF87BAF</Id>
      <AutomaticallyPopulate>true</AutomaticallyPopulate>
      <Name>Syed Ahmed</Name>
      <Description />
    </CategoryIdentity>
    <Fields>
      <WorkQueueDefinitionField>
        <Name>WRESULT</Name>
        <Position>1</Position>
        <DisplayName>Result</DisplayName>
        <FieldType>String</FieldType>
        <DefaultValue xsi:type="xsd:string" />
        <Scope>0</Scope>
      </WorkQueueDefinitionField>
      <WorkQueueDefinitionField>
        <Name>WFILENAME</Name>
        <Position>2</Position>
        <DisplayName>Doc Name</DisplayName>
        <FieldType>String</FieldType>
        <DefaultValue xsi:type="xsd:string" />
        <Scope>0</Scope>
      </WorkQueueDefinitionField>
    </Fields>
    <Metadata />
    <LastModifiedOn>2021-08-27T06:10:36.883</LastModifiedOn>
  </WorkQueueDefinition>
</ArrayOfWorkQueueDefinition>