<?xml version="1.0" encoding="utf-16"?><SpaPackageImportExportData xmlns:xsd="http://www.w3.org/2001/XMLSchema" xmlns:xsi="http://www.w3.org/2001/XMLSchema-instance" dbversion="7.10"><PackageSummary><SpaPackageIdentity><Id>FE62C594EEF94D17969D07AB6C7522C4</Id><Name>Resistant.AI_Cloud</Name><Version>4</Version></SpaPackageIdentity><Description /><CategoryIdentity><Id>3F152E290EE84D9FBE81FF86CEF87BAF</Id><AutomaticallyPopulate>true</AutomaticallyPopulate><Name>Syed Ahmed</Name></CategoryIdentity><LastModifiedDateTime>2022-02-09T23:23:57.47</LastModifiedDateTime><LastModifiedResource><Id>B814F5FD869D4E4E82E9D74D222468FA</Id><AutomaticallyPopulate>true</AutomaticallyPopulate><Name>Syed Ahmed</Name><ResourceType>Worker</ResourceType><EmailAddress /><UserId /><ManagerialLevel>0</ManagerialLevel></LastModifiedResource><Comments /><ResourceAccessTokens><ResourceAccess><ResourceIdentity><Id>7DF43CCDF24611D2804B00104B71BD15</Id><AutomaticallyPopulate>true</AutomaticallyPopulate><Name>Everyone</Name><ResourceType>GroupOfWorkers</ResourceType><EmailAddress /><UserId /><ManagerialLevel>0</ManagerialLevel></ResourceIdentity><AccessType>MaintenanceAccess</AccessType><PermissionType>FullControl</PermissionType></ResourceAccess></ResourceAccessTokens><PermissionType>FullControl</PermissionType><SourceControlStatus>NotInSourceControl</SourceControlStatus></PackageSummary><Processes><ImportExportPackageSummaryOfProcessIdentity><Identity><Id>6606AE0096A764C5073928EB0AFE792E</Id><AutomaticallyPopulate>true</AutomaticallyPopulate><Version>11</Version><Name>Case Form to D365CE</Name></Identity><LastModifiedBy><Id>2C90EEF0FEC5474AA18CFC3B931EDF1B</Id><AutomaticallyPopulate>true</AutomaticallyPopulate><ResourceType>Worker</ResourceType><EmailAddress /><UserId /><ManagerialLevel>0</ManagerialLevel></LastModifiedBy><LastModified>2021-08-31T14:37:40.613</LastModified></ImportExportPackageSummaryOfProcessIdentity><ImportExportPackageSummaryOfProcessIdentity><Identity><Id>43DC45E162A4213C095229B99FBA31EA</Id><AutomaticallyPopulate>true</AutomaticallyPopulate><Version>36</Version><Name>ResistantAIDemo</Name></Identity><LastModifiedBy><Id>87DD001C80BF4DC583434A8F9C3AE5B6</Id><AutomaticallyPopulate>true</AutomaticallyPopulate><ResourceType>Worker</ResourceType><EmailAddress /><UserId /><ManagerialLevel>0</ManagerialLevel></LastModifiedBy><LastModified>2022-01-27T12:37:16.693</LastModified></ImportExportPackageSummaryOfProcessIdentity></Processes><ProcessExportOption><ExportResources>false</ExportResources><ExportGroupResourceMembers>false</ExportGroupResourceMembers><ExportResourcesExtensions>false</ExportResourcesExtensions><ExportCategories>false</ExportCategories><WithCategoryParentage>false</WithCategoryParentage><GeneralizedExport>false</GeneralizedExport><ExportDotNetReferencesWithPath>true</ExportDotNetReferencesWithPath><ExportCaseFragments>false</ExportCaseFragments><ExportTemplateSkins>false</ExportTemplateSkins><ExportExtractionClassificationData>true</ExportExtractionClassificationData><ExportGlobalDataModels>false</ExportGlobalDataModels><ExportProcessDataModels>false</ExportProcessDataModels><ExportType>CombineAssociatedMaps</ExportType><Version>0</Version><ExportServerVariables>true</ExportServerVariables><PreloadScript>1</PreloadScript><SleepDuration>0</SleepDuration><CategoryIds /><ProcessDocument>false</ProcessDocument><ProcessViewer>false</ProcessViewer><DotNetActivityType>0</DotNetActivityType><Projects /><AllProcessVariables /><ExportOnlyDocumentGroupIdentityDetails>false</ExportOnlyDocumentGroupIdentityDetails><SiteDetailsRequired>false</SiteDetailsRequired><CmisSiteDetailsRequired>false</CmisSiteDetailsRequired><Assets /><PerceptiveSiteDetailsRequired>false</PerceptiveSiteDetailsRequired><IncludeExportConnectorMappings>false</IncludeExportConnectorMappings><IsSpaExport>false</IsSpaExport><ProcessType>BusinessProcess</ProcessType><ProtectedItems /><ExportPageRenditions>false</ExportPageRenditions><ExportReportingTags>false</ExportReportingTags><ExportTestPlans>false</ExportTestPlans><IncludeProcessAssociationsInPackage>false</IncludeProcessAssociationsInPackage><IsGitExport>false</IsGitExport></ProcessExportOption><WorkAllocationRules /><Skins /><BusinessRules /><CustomServices><ImportExportPackageSummaryOfCustomServiceIdentity><Identity><Id>025B8B0B20D7796F4DFE3BBF0B415DE7</Id><Name>Get Display URL</Name><Version>8</Version><Group><Id>137CF5644D0C47378D7C48E67BF5B754</Id><Name>Resistant AI</Name></Group></Identity><LastModifiedBy><Id>87DD001C80BF4DC583434A8F9C3AE5B6</Id><AutomaticallyPopulate>true</AutomaticallyPopulate><ResourceType>Worker</ResourceType><EmailAddress /><UserId /><ManagerialLevel>0</ManagerialLevel></LastModifiedBy><LastModified>2022-01-27T14:38:59.03</LastModified></ImportExportPackageSummaryOfCustomServiceIdentity><ImportExportPackageSummaryOfCustomServiceIdentity><Identity><Id>A02CC378BA3C3CA71C46CD258705D021</Id><Name>D365CE Create Case Custom Service</Name><Version>5</Version><Group><Id>E4F9C147E56847F59B14276EE7F4C81E</Id><Name>D365CE Connector Service Group</Name></Group></Identity><LastModifiedBy><Id>4EFFC98F46854ABFA36177A564100FD0</Id><AutomaticallyPopulate>true</AutomaticallyPopulate><ResourceType>Worker</ResourceType><EmailAddress /><UserId /><ManagerialLevel>0</ManagerialLevel></LastModifiedBy><LastModified>2021-08-26T14:46:49.083</LastModified></ImportExportPackageSummaryOfCustomServiceIdentity></CustomServices><CustomServiceGroups><ImportExportPackageSummaryOfCustomServiceGroupIdentity><Identity><Id>E4F9C147E56847F59B14276EE7F4C81E</Id><Name>D365CE Connector Service Group</Name></Identity><LastModifiedBy><Id>4EFFC98F46854ABFA36177A564100FD0</Id><AutomaticallyPopulate>true</AutomaticallyPopulate><ResourceType>Worker</ResourceType><EmailAddress /><UserId /><ManagerialLevel>0</ManagerialLevel></LastModifiedBy><LastModified>2021-08-25T18:04:41.57</LastModified></ImportExportPackageSummaryOfCustomServiceGroupIdentity><ImportExportPackageSummaryOfCustomServiceGroupIdentity><Identity><Id>137CF5644D0C47378D7C48E67BF5B754</Id><Name>Resistant AI</Name></Identity><LastModifiedBy><Id>2C90EEF0FEC5474AA18CFC3B931EDF1B</Id><AutomaticallyPopulate>true</AutomaticallyPopulate><ResourceType>Worker</ResourceType><EmailAddress /><UserId /><ManagerialLevel>0</ManagerialLevel></LastModifiedBy><LastModified>2021-08-25T16:58:51.01</LastModified></ImportExportPackageSummaryOfCustomServiceGroupIdentity></CustomServiceGroups><Assets /><Forms><ImportExportPackageSummaryOfFormIdentity><Identity><Id>08CB5591D73D4ED3BCFAA498483C7465</Id><AutomaticallyPopulate>false</AutomaticallyPopulate><Name>ResistantAIDemoCNJ</Name><Version>14</Version></Identity><LastModifiedBy><Id>2C90EEF0FEC5474AA18CFC3B931EDF1B</Id><AutomaticallyPopulate>false</AutomaticallyPopulate><ResourceType>Worker</ResourceType><EmailAddress /><UserId /><ManagerialLevel>0</ManagerialLevel></LastModifiedBy><LastModified>2021-09-22T16:53:33.31</LastModified></ImportExportPackageSummaryOfFormIdentity><ImportExportPackageSummaryOfFormIdentity><Identity><Id>2D89F5BE0E8A40DE8A68AB8F79ED12DE</Id><AutomaticallyPopulate>false</AutomaticallyPopulate><Name>Create D365 Case Form</Name><Version>51</Version></Identity><LastModifiedBy><Id>2C90EEF0FEC5474AA18CFC3B931EDF1B</Id><AutomaticallyPopulate>false</AutomaticallyPopulate><ResourceType>Worker</ResourceType><EmailAddress /><UserId /><ManagerialLevel>0</ManagerialLevel></LastModifiedBy><LastModified>2021-08-31T15:14:42.327</LastModified></ImportExportPackageSummaryOfFormIdentity><ImportExportPackageSummaryOfFormIdentity><Identity><Id>2EC1B8588009480BA9B7A0AA0C0DDD29</Id><AutomaticallyPopulate>false</AutomaticallyPopulate><Name>Case Form to D365CECreate Case Form</Name><Version>20</Version></Identity><LastModifiedBy><Id>2C90EEF0FEC5474AA18CFC3B931EDF1B</Id><AutomaticallyPopulate>false</AutomaticallyPopulate><ResourceType>Worker</ResourceType><EmailAddress /><UserId /><ManagerialLevel>0</ManagerialLevel></LastModifiedBy><LastModified>2021-08-26T19:08:00.457</LastModified></ImportExportPackageSummaryOfFormIdentity><ImportExportPackageSummaryOfFormIdentity><Identity><Id>3A6CE4637EFE4B8DACD47F146F5E31BC</Id><AutomaticallyPopulate>false</AutomaticallyPopulate><Name>Case Form to D365CE_Validation</Name><Version>1</Version></Identity><LastModifiedBy><Id>4EFFC98F46854ABFA36177A564100FD0</Id><AutomaticallyPopulate>false</AutomaticallyPopulate><ResourceType>Worker</ResourceType><EmailAddress /><UserId /><ManagerialLevel>0</ManagerialLevel></LastModifiedBy><LastModified>2021-08-20T20:07:20.37</LastModified></ImportExportPackageSummaryOfFormIdentity><ImportExportPackageSummaryOfFormIdentity><Identity><Id>52B4FB4AF55F445CADB05ABAEA2069DD</Id><AutomaticallyPopulate>false</AutomaticallyPopulate><Name>ResistantWorkFlowFormV3</Name><Version>71</Version></Identity><LastModifiedBy><Id>87DD001C80BF4DC583434A8F9C3AE5B6</Id><AutomaticallyPopulate>false</AutomaticallyPopulate><ResourceType>Worker</ResourceType><EmailAddress /><UserId /><ManagerialLevel>0</ManagerialLevel></LastModifiedBy><LastModified>2021-11-24T16:19:59.377</LastModified></ImportExportPackageSummaryOfFormIdentity><ImportExportPackageSummaryOfFormIdentity><Identity><Id>67067A41CDF74DC3B97218779634CCA1</Id><AutomaticallyPopulate>true</AutomaticallyPopulate><Name>D365 Work Queue</Name><Version>13</Version></Identity><LastModifiedBy><Id>2C90EEF0FEC5474AA18CFC3B931EDF1B</Id><AutomaticallyPopulate>false</AutomaticallyPopulate><ResourceType>Worker</ResourceType><EmailAddress /><UserId /><ManagerialLevel>0</ManagerialLevel></LastModifiedBy><LastModified>2021-08-26T18:27:45.963</LastModified></ImportExportPackageSummaryOfFormIdentity><ImportExportPackageSummaryOfFormIdentity><Identity><Id>673D7FC985234DF891DB4AC3A2D1FD9D</Id><AutomaticallyPopulate>true</AutomaticallyPopulate><Name>Resistant AI Jobs and Activities</Name><Version>3</Version></Identity><LastModifiedBy><Id>2C90EEF0FEC5474AA18CFC3B931EDF1B</Id><AutomaticallyPopulate>false</AutomaticallyPopulate><ResourceType>Worker</ResourceType><EmailAddress /><UserId /><ManagerialLevel>0</ManagerialLevel></LastModifiedBy><LastModified>2021-08-27T16:30:34.4</LastModified></ImportExportPackageSummaryOfFormIdentity></Forms><FormExportOptions><ExportHeader>false</ExportHeader><ExportNavigation>false</ExportNavigation><ExportGlobalVariables>true</ExportGlobalVariables><ExportWebServices>false</ExportWebServices><ExportBusinessRules>false</ExportBusinessRules><ExportSecurityTokens>false</ExportSecurityTokens><ExportSecurityRoles>false</ExportSecurityRoles><ExportRoleMembers>false</ExportRoleMembers><IsSpaExport>false</IsSpaExport></FormExportOptions><Navigations /><DeviceSettings /><Sites /><Themes /><Languages /><Lookups /><Resources /><Entities /><WorkTypes><ImportExportPackageSummaryOfWorkQueueDefinitionIdentity><Identity><Id>1EB290C9A8FB4C1ABCEA7DCC951FFD90</Id><AutomaticallyPopulate>true</AutomaticallyPopulate><Name>ResistantWorkFLowColumns</Name><LastModifiedOn>0001-01-01T00:00:00</LastModifiedOn></Identity><LastModifiedBy><Id /><AutomaticallyPopulate>true</AutomaticallyPopulate><ResourceType>Worker</ResourceType><EmailAddress /><UserId /><ManagerialLevel>0</ManagerialLevel></LastModifiedBy><LastModified>2021-08-27T06:10:36.883</LastModified></ImportExportPackageSummaryOfWorkQueueDefinitionIdentity></WorkTypes><Checklists /><Folders /><ExtractionGroups><ImportExportPackageSummaryOfDocumentGroupIdentity><Identity><Id>E1B587993FF7E9FE66704614FF0EDF5E</Id><AutomaticallyPopulate>true</AutomaticallyPopulate><Version>1</Version><Name>Case Forms</Name></Identity><LastModifiedBy><Id>4EFFC98F46854ABFA36177A564100FD0</Id><AutomaticallyPopulate>true</AutomaticallyPopulate><ResourceType>Worker</ResourceType><EmailAddress /><UserId /><ManagerialLevel>0</ManagerialLevel></LastModifiedBy><LastModified>2021-08-20T19:33:50.51</LastModified></ImportExportPackageSummaryOfDocumentGroupIdentity></ExtractionGroups><ClassificationGroups><ImportExportPackageSummaryOfClassificationGroupIdentity><Identity><Id>C866CF4286EC370507832C08A4C11887</Id><AutomaticallyPopulate>true</AutomaticallyPopulate><Version>2</Version><Name>D365CE Case Form Classification Group</Name></Identity><LastModifiedBy><Id>4EFFC98F46854ABFA36177A564100FD0</Id><AutomaticallyPopulate>true</AutomaticallyPopulate><ResourceType>Worker</ResourceType><EmailAddress /><UserId /><ManagerialLevel>0</ManagerialLevel></LastModifiedBy><LastModified>2021-11-03T20:10:38.07</LastModified></ImportExportPackageSummaryOfClassificationGroupIdentity></ClassificationGroups><Formatters /><FieldValidators /><ChecklistItems /><Events /><Targets /><Alerts /><AlertExportOption><ExportAssociatedProcess>false</ExportAssociatedProcess></AlertExportOption><Categories><ImportExportPackageSummaryOfCategoryIdentity><Identity><Id>3F152E290EE84D9FBE81FF86CEF87BAF</Id><AutomaticallyPopulate>true</AutomaticallyPopulate><Name>Syed Ahmed</Name></Identity><LastModifiedBy><Id>B4A869511C7A209C250569A39B1EA91B</Id><AutomaticallyPopulate>true</AutomaticallyPopulate><ResourceType>Worker</ResourceType><EmailAddress /><UserId /><ManagerialLevel>0</ManagerialLevel></LastModifiedBy><LastModified>2022-02-07T22:29:58.787</LastModified></ImportExportPackageSummaryOfCategoryIdentity><ImportExportPackageSummaryOfCategoryIdentity><Identity><Id>93AB955FF7EE48B0A8B9D01D1BC6C513</Id><AutomaticallyPopulate>true</AutomaticallyPopulate><Name>Integration Demonstrations</Name></Identity><LastModifiedBy><Id>FCD9C3F7F6B94BE489D9087B2F809696</Id><AutomaticallyPopulate>true</AutomaticallyPopulate><ResourceType>Worker</ResourceType><EmailAddress /><UserId /><ManagerialLevel>0</ManagerialLevel></LastModifiedBy><LastModified>2021-06-08T10:35:52.963</LastModified></ImportExportPackageSummaryOfCategoryIdentity><ImportExportPackageSummaryOfCategoryIdentity><Identity><Id>CB701CC0DB5E4B0FA23973BAF35AEC18</Id><AutomaticallyPopulate>true</AutomaticallyPopulate><Name>Resistant AI</Name></Identity><LastModifiedBy><Id>2C90EEF0FEC5474AA18CFC3B931EDF1B</Id><AutomaticallyPopulate>true</AutomaticallyPopulate><ResourceType>Worker</ResourceType><EmailAddress /><UserId /><ManagerialLevel>0</ManagerialLevel></LastModifiedBy><LastModified>2021-08-25T20:20:36.247</LastModified></ImportExportPackageSummaryOfCategoryIdentity><ImportExportPackageSummaryOfCategoryIdentity><Identity><Id>E5EC21D22FE44AD0A037EF502836D380</Id><AutomaticallyPopulate>true</AutomaticallyPopulate><Name>D365CE Connector</Name></Identity><LastModifiedBy><Id>4EFFC98F46854ABFA36177A564100FD0</Id><AutomaticallyPopulate>true</AutomaticallyPopulate><ResourceType>Worker</ResourceType><EmailAddress /><UserId /><ManagerialLevel>0</ManagerialLevel></LastModifiedBy><LastModified>2021-10-01T11:50:28.523</LastModified></ImportExportPackageSummaryOfCategoryIdentity><ImportExportPackageSummaryOfCategoryIdentity><Identity><Id>EE3E6CC9049D4EE0BCD444A26C1EF452</Id><AutomaticallyPopulate>true</AutomaticallyPopulate><Name>Resistant AI</Name></Identity><LastModifiedBy><Id>2C90EEF0FEC5474AA18CFC3B931EDF1B</Id><AutomaticallyPopulate>true</AutomaticallyPopulate><ResourceType>Worker</ResourceType><EmailAddress /><UserId /><ManagerialLevel>0</ManagerialLevel></LastModifiedBy><LastModified>2021-08-27T16:25:07.783</LastModified></ImportExportPackageSummaryOfCategoryIdentity></Categories><ScanVrsProfiles /><SeparationProfiles /><PdfGenerationProfiles /><DocConversionProfiles><ImportExportPackageSummaryOfDocumentConversionProfileIdentity><Identity><Id>D34EA7B15A7F84966DCF413B6C137BBA</Id><Name>Convert_to_TIF</Name></Identity><LastModifiedBy><Id /><AutomaticallyPopulate>true</AutomaticallyPopulate><ResourceType>Worker</ResourceType><EmailAddress /><UserId /><ManagerialLevel>0</ManagerialLevel></LastModifiedBy><LastModified>0001-01-01T00:00:00</LastModified></ImportExportPackageSummaryOfDocumentConversionProfileIdentity></DocConversionProfiles><JobSchedules /><CaptureControlLayouts /><RegularExpressions /><Personas /><ServerVariables /><ServerVariablesCollection><ImportExportPackageSummaryOfVariable><Identity><VariableType>System</VariableType><Value xsi:type="xsd:string" /><Identity><Id>SPP_SYSTEM_SESSION_ID</Id><Version>0</Version><DisplayName>SPP_SYSTEM_SESSION_ID</DisplayName></Identity><Dynamic>true</Dynamic><Category><Id>FBCB88103B4D414FAE8E38058F46CCF4</Id><AutomaticallyPopulate>true</AutomaticallyPopulate><Name /></Category><Grouping><Identity><Id>4FEE4E069417475DAC5D2C2E5C95CA49</Id></Identity><Variables /></Grouping><UseInSkin>false</UseInSkin><Found>false</Found><IsSecure>false</IsSecure><VariableScope>Process</VariableScope><IsDateExpression>false</IsDateExpression><ErrorCodeMappingType>Static</ErrorCodeMappingType><VariableDisplayProperties><VariableIdentity><Version>0</Version></VariableIdentity><StringVariableDisplayProperties><VariableControlType>Singleline</VariableControlType><MaxNumberOfCharacters>0</MaxNumberOfCharacters><LookupIdentity /><StaticData /><Mandatory>false</Mandatory></StringVariableDisplayProperties><MinDate xsi:nil="true" /><MaxDate xsi:nil="true" /><DecimalPrecision>0</DecimalPrecision></VariableDisplayProperties></Identity><LastModifiedBy><Id /><AutomaticallyPopulate>true</AutomaticallyPopulate><ResourceType>Worker</ResourceType><EmailAddress /><UserId /><ManagerialLevel>0</ManagerialLevel></LastModifiedBy><LastModified>0001-01-01T00:00:00</LastModified></ImportExportPackageSummaryOfVariable><ImportExportPackageSummaryOfVariable><Identity><VariableType>String</VariableType><Value xsi:type="xsd:string">f9b3d38e-6c9c-485b-8e3d-78176ef7619e</Value><Identity><Id>APPCLIENTID</Id><Version>0</Version><DisplayName>appClientId</DisplayName></Identity><Dynamic>false</Dynamic><Category><Id>E5EC21D22FE44AD0A037EF502836D380</Id><AutomaticallyPopulate>true</AutomaticallyPopulate><Name /></Category><Grouping><Identity><Id>4FEE4E069417475DAC5D2C2E5C95CA49</Id></Identity><Variables /></Grouping><UseInSkin>false</UseInSkin><Found>false</Found><IsSecure>false</IsSecure><VariableScope>Process</VariableScope><IsDateExpression>false</IsDateExpression><ErrorCodeMappingType>Static</ErrorCodeMappingType><VariableDisplayProperties><VariableIdentity><Version>0</Version></VariableIdentity><StringVariableDisplayProperties><VariableControlType>Singleline</VariableControlType><MaxNumberOfCharacters>0</MaxNumberOfCharacters><LookupIdentity /><StaticData /><Mandatory>false</Mandatory></StringVariableDisplayProperties><MinDate xsi:nil="true" /><MaxDate xsi:nil="true" /><DecimalPrecision>0</DecimalPrecision></VariableDisplayProperties></Identity><LastModifiedBy><Id /><AutomaticallyPopulate>true</AutomaticallyPopulate><ResourceType>Worker</ResourceType><EmailAddress /><UserId /><ManagerialLevel>0</ManagerialLevel></LastModifiedBy><LastModified>0001-01-01T00:00:00</LastModified></ImportExportPackageSummaryOfVariable><ImportExportPackageSummaryOfVariable><Identity><VariableType>String</VariableType><Value xsi:type="xsd:string">36_6CHHLte12XEu8s3C.4deRA30.iJY-Hn</Value><Identity><Id>CLIENTSECRETVALUE</Id><Version>0</Version><DisplayName>clientSecretValue</DisplayName></Identity><Dynamic>false</Dynamic><Category><Id>E5EC21D22FE44AD0A037EF502836D380</Id><AutomaticallyPopulate>true</AutomaticallyPopulate><Name /></Category><Grouping><Identity><Id>4FEE4E069417475DAC5D2C2E5C95CA49</Id></Identity><Variables /></Grouping><UseInSkin>false</UseInSkin><Found>false</Found><IsSecure>false</IsSecure><VariableScope>Process</VariableScope><IsDateExpression>false</IsDateExpression><ErrorCodeMappingType>Static</ErrorCodeMappingType><VariableDisplayProperties><VariableIdentity><Version>0</Version></VariableIdentity><StringVariableDisplayProperties><VariableControlType>Singleline</VariableControlType><MaxNumberOfCharacters>0</MaxNumberOfCharacters><LookupIdentity /><StaticData /><Mandatory>false</Mandatory></StringVariableDisplayProperties><MinDate xsi:nil="true" /><MaxDate xsi:nil="true" /><DecimalPrecision>0</DecimalPrecision></VariableDisplayProperties></Identity><LastModifiedBy><Id /><AutomaticallyPopulate>true</AutomaticallyPopulate><ResourceType>Worker</ResourceType><EmailAddress /><UserId /><ManagerialLevel>0</ManagerialLevel></LastModifiedBy><LastModified>0001-01-01T00:00:00</LastModified></ImportExportPackageSummaryOfVariable><ImportExportPackageSummaryOfVariable><Identity><VariableType>String</VariableType><Value xsi:type="xsd:string">f8bc8395-672f-45ce-9f85-f3a1872d2073</Value><Identity><Id>DIRECTORYTENANTID</Id><Version>0</Version><DisplayName>directoryTenantId</DisplayName></Identity><Dynamic>false</Dynamic><Category><Id>E5EC21D22FE44AD0A037EF502836D380</Id><AutomaticallyPopulate>true</AutomaticallyPopulate><Name /></Category><Grouping><Identity><Id>4FEE4E069417475DAC5D2C2E5C95CA49</Id></Identity><Variables /></Grouping><UseInSkin>false</UseInSkin><Found>false</Found><IsSecure>false</IsSecure><VariableScope>Process</VariableScope><IsDateExpression>false</IsDateExpression><ErrorCodeMappingType>Static</ErrorCodeMappingType><VariableDisplayProperties><VariableIdentity><Version>0</Version></VariableIdentity><StringVariableDisplayProperties><VariableControlType>Singleline</VariableControlType><MaxNumberOfCharacters>0</MaxNumberOfCharacters><LookupIdentity /><StaticData /><Mandatory>false</Mandatory></StringVariableDisplayProperties><MinDate xsi:nil="true" /><MaxDate xsi:nil="true" /><DecimalPrecision>0</DecimalPrecision></VariableDisplayProperties></Identity><LastModifiedBy><Id /><AutomaticallyPopulate>true</AutomaticallyPopulate><ResourceType>Worker</ResourceType><EmailAddress /><UserId /><ManagerialLevel>0</ManagerialLevel></LastModifiedBy><LastModified>0001-01-01T00:00:00</LastModified></ImportExportPackageSummaryOfVariable><ImportExportPackageSummaryOfVariable><Identity><VariableType>String</VariableType><Value xsi:type="xsd:string">https://orgebf85c25.crm.dynamics.com</Value><Identity><Id>INSTANCEURL</Id><Version>0</Version><DisplayName>instanceUrl</DisplayName></Identity><Dynamic>false</Dynamic><Category><Id>E5EC21D22FE44AD0A037EF502836D380</Id><AutomaticallyPopulate>true</AutomaticallyPopulate><Name /></Category><Grouping><Identity><Id>4FEE4E069417475DAC5D2C2E5C95CA49</Id></Identity><Variables /></Grouping><UseInSkin>false</UseInSkin><Found>false</Found><IsSecure>false</IsSecure><VariableScope>Process</VariableScope><IsDateExpression>false</IsDateExpression><ErrorCodeMappingType>Static</ErrorCodeMappingType><VariableDisplayProperties><VariableIdentity><Version>0</Version></VariableIdentity><StringVariableDisplayProperties><VariableControlType>Singleline</VariableControlType><MaxNumberOfCharacters>0</MaxNumberOfCharacters><LookupIdentity /><StaticData /><Mandatory>false</Mandatory></StringVariableDisplayProperties><MinDate xsi:nil="true" /><MaxDate xsi:nil="true" /><DecimalPrecision>0</DecimalPrecision></VariableDisplayProperties></Identity><LastModifiedBy><Id /><AutomaticallyPopulate>true</AutomaticallyPopulate><ResourceType>Worker</ResourceType><EmailAddress /><UserId /><ManagerialLevel>0</ManagerialLevel></LastModifiedBy><LastModified>0001-01-01T00:00:00</LastModified></ImportExportPackageSummaryOfVariable><ImportExportPackageSummaryOfVariable><Identity><VariableType>String</VariableType><Value xsi:type="xsd:string">enter your key</Value><Identity><Id>RESISTANT_AUTHNKEY</Id><Version>0</Version><DisplayName>Authorization Key</DisplayName></Identity><Dynamic>false</Dynamic><Category><Id>3F152E290EE84D9FBE81FF86CEF87BAF</Id><AutomaticallyPopulate>true</AutomaticallyPopulate><Name /></Category><Grouping><Identity><Id>4FEE4E069417475DAC5D2C2E5C95CA49</Id></Identity><Variables /></Grouping><UseInSkin>false</UseInSkin><Found>false</Found><IsSecure>false</IsSecure><VariableScope>Process</VariableScope><IsDateExpression>false</IsDateExpression><ErrorCodeMappingType>Static</ErrorCodeMappingType><VariableDisplayProperties><VariableIdentity><Version>0</Version></VariableIdentity><StringVariableDisplayProperties><VariableControlType>Singleline</VariableControlType><MaxNumberOfCharacters>0</MaxNumberOfCharacters><LookupIdentity /><StaticData /><Mandatory>false</Mandatory></StringVariableDisplayProperties><MinDate xsi:nil="true" /><MaxDate xsi:nil="true" /><DecimalPrecision>0</DecimalPrecision></VariableDisplayProperties></Identity><LastModifiedBy><Id /><AutomaticallyPopulate>true</AutomaticallyPopulate><ResourceType>Worker</ResourceType><EmailAddress /><UserId /><ManagerialLevel>0</ManagerialLevel></LastModifiedBy><LastModified>0001-01-01T00:00:00</LastModified></ImportExportPackageSummaryOfVariable><ImportExportPackageSummaryOfVariable><Identity><VariableType>String</VariableType><Value xsi:type="xsd:string">https://56er5r7b48.execute-api.ap-southeast-2.amazonaws.com/prod/v1/pdf/submit</Value><Identity><Id>RESISTANT_GETUPLOADURL</Id><Version>0</Version><DisplayName>GetUploadURL</DisplayName></Identity><Dynamic>false</Dynamic><Category><Id>3F152E290EE84D9FBE81FF86CEF87BAF</Id><AutomaticallyPopulate>true</AutomaticallyPopulate><Name /></Category><Grouping><Identity><Id>4FEE4E069417475DAC5D2C2E5C95CA49</Id></Identity><Variables /></Grouping><UseInSkin>false</UseInSkin><Found>false</Found><IsSecure>false</IsSecure><VariableScope>Process</VariableScope><IsDateExpression>false</IsDateExpression><ErrorCodeMappingType>Static</ErrorCodeMappingType><VariableDisplayProperties><VariableIdentity><Version>0</Version></VariableIdentity><StringVariableDisplayProperties><VariableControlType>Singleline</VariableControlType><MaxNumberOfCharacters>0</MaxNumberOfCharacters><LookupIdentity /><StaticData /><Mandatory>false</Mandatory></StringVariableDisplayProperties><MinDate xsi:nil="true" /><MaxDate xsi:nil="true" /><DecimalPrecision>0</DecimalPrecision></VariableDisplayProperties></Identity><LastModifiedBy><Id /><AutomaticallyPopulate>true</AutomaticallyPopulate><ResourceType>Worker</ResourceType><EmailAddress /><UserId /><ManagerialLevel>0</ManagerialLevel></LastModifiedBy><LastModified>0001-01-01T00:00:00</LastModified></ImportExportPackageSummaryOfVariable><ImportExportPackageSummaryOfVariable><Identity><VariableType>String</VariableType><Value xsi:type="xsd:string">https://demo1-dev.dmoeukta.dev.kofaxcloud.com/Services/Sdk</Value><Identity><Id>KTASERVICEURI</Id><Version>0</Version><DisplayName>KTAServiceUri</DisplayName></Identity><Dynamic>false</Dynamic><Category><Id>3F152E290EE84D9FBE81FF86CEF87BAF</Id><AutomaticallyPopulate>true</AutomaticallyPopulate><Name /></Category><Grouping><Identity><Id>4FEE4E069417475DAC5D2C2E5C95CA49</Id></Identity><Variables /></Grouping><UseInSkin>false</UseInSkin><Found>false</Found><IsSecure>false</IsSecure><VariableScope>Process</VariableScope><IsDateExpression>false</IsDateExpression><ErrorCodeMappingType>Static</ErrorCodeMappingType><VariableDisplayProperties><VariableIdentity><Version>0</Version></VariableIdentity><StringVariableDisplayProperties><VariableControlType>Singleline</VariableControlType><MaxNumberOfCharacters>0</MaxNumberOfCharacters><LookupIdentity /><StaticData /><Mandatory>false</Mandatory></StringVariableDisplayProperties><MinDate xsi:nil="true" /><MaxDate xsi:nil="true" /><DecimalPrecision>0</DecimalPrecision></VariableDisplayProperties></Identity><LastModifiedBy><Id /><AutomaticallyPopulate>true</AutomaticallyPopulate><ResourceType>Worker</ResourceType><EmailAddress /><UserId /><ManagerialLevel>0</ManagerialLevel></LastModifiedBy><LastModified>0001-01-01T00:00:00</LastModified></ImportExportPackageSummaryOfVariable><ImportExportPackageSummaryOfVariable><Identity><VariableType>Bool</VariableType><Value xsi:type="xsd:boolean">false</Value><Identity><Id>AP</Id><Version>0</Version><DisplayName>AP</DisplayName></Identity><Dynamic>false</Dynamic><Category><Id>EE3E6CC9049D4EE0BCD444A26C1EF452</Id><AutomaticallyPopulate>true</AutomaticallyPopulate><Name /></Category><Grouping><Identity><Id>4FEE4E069417475DAC5D2C2E5C95CA49</Id></Identity><Variables /></Grouping><UseInSkin>false</UseInSkin><Found>false</Found><IsSecure>false</IsSecure><VariableScope>Process</VariableScope><IsDateExpression>false</IsDateExpression><ErrorCodeMappingType>Static</ErrorCodeMappingType><VariableDisplayProperties><VariableIdentity><Version>0</Version></VariableIdentity><StringVariableDisplayProperties><VariableControlType>Singleline</VariableControlType><MaxNumberOfCharacters>0</MaxNumberOfCharacters><LookupIdentity /><StaticData /><Mandatory>false</Mandatory></StringVariableDisplayProperties><MinDate xsi:nil="true" /><MaxDate xsi:nil="true" /><DecimalPrecision>0</DecimalPrecision></VariableDisplayProperties></Identity><LastModifiedBy><Id /><AutomaticallyPopulate>true</AutomaticallyPopulate><ResourceType>Worker</ResourceType><EmailAddress /><UserId /><ManagerialLevel>0</ManagerialLevel></LastModifiedBy><LastModified>0001-01-01T00:00:00</LastModified></ImportExportPackageSummaryOfVariable><ImportExportPackageSummaryOfVariable><Identity><VariableType>String</VariableType><Value xsi:type="xsd:string">5NrbRpDbwMaFttLtPJQIS4YY6su78zSv7SfZ9rvA</Value><Identity><Id>AUTHKEY_IRE</Id><Version>0</Version><DisplayName>AuthKey_Ire</DisplayName></Identity><Dynamic>false</Dynamic><Category><Id>EE3E6CC9049D4EE0BCD444A26C1EF452</Id><AutomaticallyPopulate>true</AutomaticallyPopulate><Name /></Category><Grouping><Identity><Id>4FEE4E069417475DAC5D2C2E5C95CA49</Id></Identity><Variables /></Grouping><UseInSkin>false</UseInSkin><Found>false</Found><IsSecure>false</IsSecure><VariableScope>Process</VariableScope><IsDateExpression>false</IsDateExpression><ErrorCodeMappingType>Static</ErrorCodeMappingType><VariableDisplayProperties><VariableIdentity><Version>0</Version></VariableIdentity><StringVariableDisplayProperties><VariableControlType>Singleline</VariableControlType><MaxNumberOfCharacters>0</MaxNumberOfCharacters><LookupIdentity /><StaticData /><Mandatory>false</Mandatory></StringVariableDisplayProperties><MinDate xsi:nil="true" /><MaxDate xsi:nil="true" /><DecimalPrecision>0</DecimalPrecision></VariableDisplayProperties></Identity><LastModifiedBy><Id /><AutomaticallyPopulate>true</AutomaticallyPopulate><ResourceType>Worker</ResourceType><EmailAddress /><UserId /><ManagerialLevel>0</ManagerialLevel></LastModifiedBy><LastModified>0001-01-01T00:00:00</LastModified></ImportExportPackageSummaryOfVariable><ImportExportPackageSummaryOfVariable><Identity><VariableType>String</VariableType><Value xsi:type="xsd:string">https://api.pdf.resistant.ai/v1/pdf/submit</Value><Identity><Id>UPLOADURL_IRE</Id><Version>0</Version><DisplayName>UploadURL_Ire</DisplayName></Identity><Dynamic>false</Dynamic><Category><Id>EE3E6CC9049D4EE0BCD444A26C1EF452</Id><AutomaticallyPopulate>true</AutomaticallyPopulate><Name /></Category><Grouping><Identity><Id>4FEE4E069417475DAC5D2C2E5C95CA49</Id></Identity><Variables /></Grouping><UseInSkin>false</UseInSkin><Found>false</Found><IsSecure>false</IsSecure><VariableScope>Process</VariableScope><IsDateExpression>false</IsDateExpression><ErrorCodeMappingType>Static</ErrorCodeMappingType><VariableDisplayProperties><VariableIdentity><Version>0</Version></VariableIdentity><StringVariableDisplayProperties><VariableControlType>Singleline</VariableControlType><MaxNumberOfCharacters>0</MaxNumberOfCharacters><LookupIdentity /><StaticData /><Mandatory>false</Mandatory></StringVariableDisplayProperties><MinDate xsi:nil="true" /><MaxDate xsi:nil="true" /><DecimalPrecision>0</DecimalPrecision></VariableDisplayProperties></Identity><LastModifiedBy><Id /><AutomaticallyPopulate>true</AutomaticallyPopulate><ResourceType>Worker</ResourceType><EmailAddress /><UserId /><ManagerialLevel>0</ManagerialLevel></LastModifiedBy><LastModified>0001-01-01T00:00:00</LastModified></ImportExportPackageSummaryOfVariable><ImportExportPackageSummaryOfVariable><Identity><VariableType>String</VariableType><Value xsi:type="xsd:string">https://pdf.testing.resistant.ai/review-kofax/result/</Value><Identity><Id>DOCUMENTVIEWERURL</Id><Version>0</Version><DisplayName>Document Viewer URL</DisplayName></Identity><Dynamic>false</Dynamic><Category><Id>3F152E290EE84D9FBE81FF86CEF87BAF</Id><AutomaticallyPopulate>true</AutomaticallyPopulate><Name /></Category><Grouping><Identity><Id>4FEE4E069417475DAC5D2C2E5C95CA49</Id></Identity><Variables /></Grouping><UseInSkin>false</UseInSkin><Found>false</Found><IsSecure>false</IsSecure><VariableScope>Process</VariableScope><IsDateExpression>false</IsDateExpression><ErrorCodeMappingType>Static</ErrorCodeMappingType><VariableDisplayProperties><VariableIdentity><Version>0</Version></VariableIdentity><StringVariableDisplayProperties><VariableControlType>Singleline</VariableControlType><MaxNumberOfCharacters>0</MaxNumberOfCharacters><LookupIdentity /><StaticData /><Mandatory>false</Mandatory></StringVariableDisplayProperties><MinDate xsi:nil="true" /><MaxDate xsi:nil="true" /><DecimalPrecision>0</DecimalPrecision></VariableDisplayProperties></Identity><LastModifiedBy><Id /><AutomaticallyPopulate>true</AutomaticallyPopulate><ResourceType>Worker</ResourceType><EmailAddress /><UserId /><ManagerialLevel>0</ManagerialLevel></LastModifiedBy><LastModified>0001-01-01T00:00:00</LastModified></ImportExportPackageSummaryOfVariable><ImportExportPackageSummaryOfVariable><Identity><VariableType>Long</VariableType><Value xsi:type="xsd:int">604800</Value><Identity><Id>DISPLAYURLEXPIRYDURATIONINSECS</Id><Version>0</Version><DisplayName>DisplayURLExpiryDurationinSecs</DisplayName></Identity><Dynamic>false</Dynamic><Category><Id>EE3E6CC9049D4EE0BCD444A26C1EF452</Id><AutomaticallyPopulate>true</AutomaticallyPopulate><Name /></Category><Grouping><Identity><Id>4FEE4E069417475DAC5D2C2E5C95CA49</Id></Identity><Variables /></Grouping><UseInSkin>false</UseInSkin><Found>false</Found><IsSecure>false</IsSecure><VariableScope>Process</VariableScope><IsDateExpression>false</IsDateExpression><ErrorCodeMappingType>Static</ErrorCodeMappingType><VariableDisplayProperties><VariableIdentity><Version>0</Version></VariableIdentity><StringVariableDisplayProperties><VariableControlType>Singleline</VariableControlType><MaxNumberOfCharacters>0</MaxNumberOfCharacters><LookupIdentity /><StaticData /><Mandatory>false</Mandatory></StringVariableDisplayProperties><MinDate xsi:nil="true" /><MaxDate xsi:nil="true" /><DecimalPrecision>0</DecimalPrecision></VariableDisplayProperties></Identity><LastModifiedBy><Id /><AutomaticallyPopulate>true</AutomaticallyPopulate><ResourceType>Worker</ResourceType><EmailAddress /><UserId /><ManagerialLevel>0</ManagerialLevel></LastModifiedBy><LastModified>0001-01-01T00:00:00</LastModified></ImportExportPackageSummaryOfVariable></ServerVariablesCollection><ThreadPools><ImportExportPackageSummaryOfThreadPoolIdentity><Identity><Id>0</Id><Name>Default Thread Pool</Name></Identity><LastModifiedBy><Id /><AutomaticallyPopulate>true</AutomaticallyPopulate><ResourceType>Worker</ResourceType><EmailAddress /><UserId /><ManagerialLevel>0</ManagerialLevel></LastModifiedBy><LastModified>0001-01-01T00:00:00</LastModified></ImportExportPackageSummaryOfThreadPoolIdentity><ImportExportPackageSummaryOfThreadPoolIdentity><Identity><Id>1</Id><Name>Default Transformation Server Thread Pool</Name></Identity><LastModifiedBy><Id /><AutomaticallyPopulate>true</AutomaticallyPopulate><ResourceType>Worker</ResourceType><EmailAddress /><UserId /><ManagerialLevel>0</ManagerialLevel></LastModifiedBy><LastModified>0001-01-01T00:00:00</LastModified></ImportExportPackageSummaryOfThreadPoolIdentity></ThreadPools><Tags /><GlobalVariables /><GlobalVariablesCollection><ImportExportPackageSummaryOfSessionVariable><Identity><Identity><Name>SESSION_ID</Name><Id>161F8F818093437482D2886B7B6756BB</Id><AutomaticallyPopulate>true</AutomaticallyPopulate></Identity><Description>The current Session Identifer.</Description><Value /><IsLocalizable>false</IsLocalizable><Category><Id>201F370CA5164F76ADDD8EEEFF666AF7</Id><AutomaticallyPopulate>true</AutomaticallyPopulate><Name>Default Category</Name></Category><LastModifiedDateTime>2020-09-11T02:16:55.003</LastModifiedDateTime><IsSecure>false</IsSecure></Identity><LastModifiedBy><Id /><AutomaticallyPopulate>true</AutomaticallyPopulate><ResourceType>Worker</ResourceType><EmailAddress /><UserId /><ManagerialLevel>0</ManagerialLevel></LastModifiedBy><LastModified>2020-09-11T02:16:55.003</LastModified></ImportExportPackageSummaryOfSessionVariable><ImportExportPackageSummaryOfSessionVariable><Identity><Identity><Name>WORKQUEUE_FORM</Name><Id>1E70BD400456422DBFA431767DC6CB0F</Id><AutomaticallyPopulate>true</AutomaticallyPopulate></Identity><Description>The Workqueue Form.</Description><Value /><IsLocalizable>false</IsLocalizable><Category><Id>201F370CA5164F76ADDD8EEEFF666AF7</Id><AutomaticallyPopulate>true</AutomaticallyPopulate><Name>Default Category</Name></Category><LastModifiedDateTime>2020-09-11T02:16:55.003</LastModifiedDateTime><IsSecure>false</IsSecure></Identity><LastModifiedBy><Id /><AutomaticallyPopulate>true</AutomaticallyPopulate><ResourceType>Worker</ResourceType><EmailAddress /><UserId /><ManagerialLevel>0</ManagerialLevel></LastModifiedBy><LastModified>2020-09-11T02:16:55.003</LastModified></ImportExportPackageSummaryOfSessionVariable><ImportExportPackageSummaryOfSessionVariable><Identity><Identity><Name>EPC</Name><Id>5E0F01E4914A48D08009FFC40C130EFF</Id><AutomaticallyPopulate>true</AutomaticallyPopulate></Identity><Description>The EPC.</Description><Value /><IsLocalizable>false</IsLocalizable><Category><Id>201F370CA5164F76ADDD8EEEFF666AF7</Id><AutomaticallyPopulate>true</AutomaticallyPopulate><Name>Default Category</Name></Category><LastModifiedDateTime>2021-02-10T14:09:40.077</LastModifiedDateTime><IsSecure>false</IsSecure></Identity><LastModifiedBy><Id /><AutomaticallyPopulate>true</AutomaticallyPopulate><ResourceType>Worker</ResourceType><EmailAddress /><UserId /><ManagerialLevel>0</ManagerialLevel></LastModifiedBy><LastModified>2021-02-10T14:09:40.077</LastModified></ImportExportPackageSummaryOfSessionVariable><ImportExportPackageSummaryOfSessionVariable><Identity><Identity><Name>JOB_ID</Name><Id>8A1DD88A21124A98A51B5679DE7FDCB4</Id><AutomaticallyPopulate>true</AutomaticallyPopulate></Identity><Description>The Job ID.</Description><Value /><IsLocalizable>false</IsLocalizable><Category><Id>201F370CA5164F76ADDD8EEEFF666AF7</Id><AutomaticallyPopulate>true</AutomaticallyPopulate><Name>Default Category</Name></Category><LastModifiedDateTime>2021-02-10T14:09:40.067</LastModifiedDateTime><IsSecure>false</IsSecure></Identity><LastModifiedBy><Id /><AutomaticallyPopulate>true</AutomaticallyPopulate><ResourceType>Worker</ResourceType><EmailAddress /><UserId /><ManagerialLevel>0</ManagerialLevel></LastModifiedBy><LastModified>2021-02-10T14:09:40.067</LastModified></ImportExportPackageSummaryOfSessionVariable><ImportExportPackageSummaryOfSessionVariable><Identity><Identity><Name>NODE_ID</Name><Id>AFBE96EA665E4F16A2FDA88044A23D0A</Id><AutomaticallyPopulate>true</AutomaticallyPopulate></Identity><Description>The Node ID.</Description><Value /><IsLocalizable>false</IsLocalizable><Category><Id>201F370CA5164F76ADDD8EEEFF666AF7</Id><AutomaticallyPopulate>true</AutomaticallyPopulate><Name>Default Category</Name></Category><LastModifiedDateTime>2021-02-10T14:09:40.087</LastModifiedDateTime><IsSecure>false</IsSecure></Identity><LastModifiedBy><Id /><AutomaticallyPopulate>true</AutomaticallyPopulate><ResourceType>Worker</ResourceType><EmailAddress /><UserId /><ManagerialLevel>0</ManagerialLevel></LastModifiedBy><LastModified>2021-02-10T14:09:40.087</LastModified></ImportExportPackageSummaryOfSessionVariable></GlobalVariablesCollection><ServerXmlExpressionVariables /><DotNetReferences /><MiscellaneousFiles /><Queries><ImportExportPackageSummaryOfQueryInfo><Identity><Identity><Id>3C9245F2376C233A38D52B6D47231AE3</Id><Name>Resistant AI Jobs</Name><QueryType>All</QueryType></Identity><QueryType>JobList</QueryType></Identity><LastModifiedBy><Id>2C90EEF0FEC5474AA18CFC3B931EDF1B</Id><AutomaticallyPopulate>true</AutomaticallyPopulate><ResourceType>Worker</ResourceType><EmailAddress /><UserId /><ManagerialLevel>0</ManagerialLevel></LastModifiedBy><LastModified>2021-09-21T19:41:32.85</LastModified></ImportExportPackageSummaryOfQueryInfo><ImportExportPackageSummaryOfQueryInfo><Identity><Identity><Id>7C4111ADA5A276828C2CC140908355E7</Id><Name>All D365 Jobs</Name><QueryType>All</QueryType></Identity><QueryType>JobList</QueryType></Identity><LastModifiedBy><Id>2C90EEF0FEC5474AA18CFC3B931EDF1B</Id><AutomaticallyPopulate>true</AutomaticallyPopulate><ResourceType>Worker</ResourceType><EmailAddress /><UserId /><ManagerialLevel>0</ManagerialLevel></LastModifiedBy><LastModified>2021-08-26T18:21:29.607</LastModified></ImportExportPackageSummaryOfQueryInfo><ImportExportPackageSummaryOfQueryInfo><Identity><Identity><Id>90A327F54FE983911BE987D47D1910F0</Id><Name>D365 Work Queue</Name><QueryType>All</QueryType></Identity><QueryType>WorkQueue</QueryType></Identity><LastModifiedBy><Id>2C90EEF0FEC5474AA18CFC3B931EDF1B</Id><AutomaticallyPopulate>true</AutomaticallyPopulate><ResourceType>Worker</ResourceType><EmailAddress /><UserId /><ManagerialLevel>0</ManagerialLevel></LastModifiedBy><LastModified>2021-08-26T18:22:08.803</LastModified></ImportExportPackageSummaryOfQueryInfo><ImportExportPackageSummaryOfQueryInfo><Identity><Identity><Id>C1FC76502B7C452E0AF0DB4092CED338</Id><Name>Resistant MailBox</Name><QueryType>All</QueryType></Identity><QueryType>WorkQueue</QueryType></Identity><LastModifiedBy><Id>2C90EEF0FEC5474AA18CFC3B931EDF1B</Id><AutomaticallyPopulate>true</AutomaticallyPopulate><ResourceType>Worker</ResourceType><EmailAddress /><UserId /><ManagerialLevel>0</ManagerialLevel></LastModifiedBy><LastModified>2021-09-21T19:42:34.027</LastModified></ImportExportPackageSummaryOfQueryInfo></Queries><FormTemplates /><Localisations /><Packages /><ExportConnectorDeploymentProperties /><ShowProcessAssociations>true</ShowProcessAssociations><ShowFormAssociations>true</ShowFormAssociations><SystemExportOptions><IncludeNoteTypes>false</IncludeNoteTypes><IncludeHotKeys>false</IncludeHotKeys><IncludePageRenditions>false</IncludePageRenditions><IncludeNodeColors>false</IncludeNodeColors><IncludeReportingTags>false</IncludeReportingTags><IncludeErrorCodes>false</IncludeErrorCodes></SystemExportOptions><ShowCategoryAssociations>false</ShowCategoryAssociations><Version><Major>7</Major><Minor>3</Minor><Build>1</Build><Revision>0</Revision></Version><DocumentTypeVariants /><ProtectAllItems>false</ProtectAllItems><ProtectedItems /><IncludeRoleMembers>false</IncludeRoleMembers><IncludeDevices>false</IncludeDevices><IncludeDeviceProfiles>false</IncludeDeviceProfiles><IncludeDeviceSettings>false</IncludeDeviceSettings><ExportConnectorMappings>false</ExportConnectorMappings><Deployment><Identity><Id>879EDDBFFD5E6A4A087AA2333F6EDAB7</Id><Name>config</Name></Identity><Description /><PackageDeploymentItems><GlobalVariables /><ServerVariables><Variable xsi:type="SimpleVariable"><VariableType>String</VariableType><Value xsi:type="xsd:string">enter your key</Value><Identity><Id>RESISTANT_AUTHNKEY</Id><Version>0</Version><DisplayName>Authorization Key</DisplayName></Identity><Dynamic>false</Dynamic><Entity><ID /><Name /></Entity><Category><Id>3F152E290EE84D9FBE81FF86CEF87BAF</Id><AutomaticallyPopulate>true</AutomaticallyPopulate><Name /></Category><Grouping><Identity><Id>4FEE4E069417475DAC5D2C2E5C95CA49</Id></Identity><Variables /><Category><Id /><AutomaticallyPopulate>true</AutomaticallyPopulate><Name /></Category></Grouping><ProcessSummary><Description /><Identity><Id /><AutomaticallyPopulate>true</AutomaticallyPopulate><Version>0</Version><Name /></Identity><ExpectedDuration><Days>0</Days><Hours>0</Hours><Minutes>0</Minutes><Seconds>0</Seconds><UseNegative>false</UseNegative><Negative>false</Negative><ShowSeconds>true</ShowSeconds><DurationType>Time</DurationType></ExpectedDuration><ExpectedCost>0</ExpectedCost><Synchronous>false</Synchronous><IsIntegrationServerMode>false</IsIntegrationServerMode><Category><Id /><AutomaticallyPopulate>true</AutomaticallyPopulate><Name /></Category><AssociatedCase><AutomaticallyPopulate>true</AutomaticallyPopulate><CaseReference /><CaseId /><Version>0</Version><BusinessProcessSettingsXmlString /></AssociatedCase><ArchiveFinishedJob>0</ArchiveFinishedJob><Budget><Value>0</Value></Budget><Priority>0</Priority><LatestVersion>false</LatestVersion><Status>Saved</Status><SupportsSkinning>false</SupportsSkinning><LastModified><Id /><AutomaticallyPopulate>true</AutomaticallyPopulate><Name /><ResourceType>Worker</ResourceType><EmailAddress /><UserId /><ManagerialLevel>0</ManagerialLevel></LastModified><Author><Id /><AutomaticallyPopulate>true</AutomaticallyPopulate><Name /><ResourceType>Worker</ResourceType><EmailAddress /><UserId /><ManagerialLevel>0</ManagerialLevel></Author><ProcessType>BusinessProcess</ProcessType><LastModifiedDate>0001-01-01T00:00:00</LastModifiedDate><CaptureEnabled>false</CaptureEnabled><AllocationAlgorithm>0</AllocationAlgorithm><ArrowType>0</ArrowType><ArrowWeight>0</ArrowWeight><Transactional>false</Transactional><Color>0</Color><CreationDate>0001-01-01T00:00:00</CreationDate><UseVariablePrefix>false</UseVariablePrefix><HasDocumentContainer>false</HasDocumentContainer><HasDocumentSet>false</HasDocumentSet><Scope>Process</Scope><SourceControlStatus>NotInSourceControl</SourceControlStatus></ProcessSummary><UseInSkin>false</UseInSkin><Found>false</Found><IsSecure>false</IsSecure><VariableScope>Process</VariableScope><IsDateExpression>false</IsDateExpression><ErrorCodeMappingType>Static</ErrorCodeMappingType><VariableDisplayProperties><VariableIdentity><Version>0</Version></VariableIdentity><StringVariableDisplayProperties><VariableControlType>Singleline</VariableControlType><MaxNumberOfCharacters>0</MaxNumberOfCharacters><LookupIdentity /><StaticData /><Mandatory>false</Mandatory></StringVariableDisplayProperties><MinDate xsi:nil="true" /><MaxDate xsi:nil="true" /><DecimalPrecision>0</DecimalPrecision></VariableDisplayProperties></Variable></ServerVariables><WebServices /><DeviceOverridableSettings /><CaptureProjectSettings /><ExportConnectorDeploymentProperties /></PackageDeploymentItems></Deployment><WebServices><ImportExportPackageSummaryOfWebService><Identity><WebServiceIdentity><Id>5A411766742C4232B5C3D20D23A5109B</Id><AutomaticallyPopulate>true</AutomaticallyPopulate><Name>ResistantAPI_GetResult</Name><LatestProxyDllName /></WebServiceIdentity><CategoryIdentity><Id>EE3E6CC9049D4EE0BCD444A26C1EF452</Id><AutomaticallyPopulate>true</AutomaticallyPopulate><Name /></CategoryIdentity><ProxyDllName /><WebServiceSettings>&lt;?xml version="1.0" encoding="utf-16"?&gt;
&lt;WebServiceSettingsEntity xmlns:xsd="http://www.w3.org/2001/XMLSchema" xmlns:xsi="http://www.w3.org/2001/XMLSchema-instance"&gt;
  &lt;UserName /&gt;
  &lt;Password /&gt;
  &lt;WcfEnabled&gt;false&lt;/WcfEnabled&gt;
  &lt;RestfulWebService&gt;true&lt;/RestfulWebService&gt;
  &lt;EndPointUrl /&gt;
  &lt;HttpHeaders&gt;
    &lt;HttpHeader&gt;
      &lt;Name&gt;Authorization&lt;/Name&gt;
      &lt;Value&gt;90FI76e4R585CqHM2Lnot9vIuTVpp1NcadqBvhjQ&lt;/Value&gt;
    &lt;/HttpHeader&gt;
  &lt;/HttpHeaders&gt;
  &lt;OpenAPIEnabled&gt;false&lt;/OpenAPIEnabled&gt;
  &lt;UseClientCertificate&gt;false&lt;/UseClientCertificate&gt;
  &lt;ClientCertificate&gt;
    &lt;CertificateChanged&gt;false&lt;/CertificateChanged&gt;
    &lt;PasswordChanged&gt;false&lt;/PasswordChanged&gt;
  &lt;/ClientCertificate&gt;
&lt;/WebServiceSettingsEntity&gt;</WebServiceSettings><LastModifiedDate>0001-01-01T00:00:00</LastModifiedDate><OverwriteExisting>false</OverwriteExisting><WebServiceSettingsEntity><UserName /><Password /><WcfEnabled>false</WcfEnabled><RestfulWebService>true</RestfulWebService><EndPointUrl /><HttpHeaders><HttpHeader><Name>Authorization</Name><Value>90FI76e4R585CqHM2Lnot9vIuTVpp1NcadqBvhjQ</Value></HttpHeader></HttpHeaders><OpenAPIEnabled>false</OpenAPIEnabled><UseClientCertificate>false</UseClientCertificate><ClientCertificate><CertificateChanged>false</CertificateChanged><PasswordChanged>false</PasswordChanged></ClientCertificate></WebServiceSettingsEntity><ServiceUrl>https://56er5r7b48.execute-api.ap-southeast-2.amazonaws.com/prod/v1/pdf/results/</ServiceUrl></Identity><LastModifiedBy><Id /><AutomaticallyPopulate>true</AutomaticallyPopulate><ResourceType>Worker</ResourceType><EmailAddress /><UserId /><ManagerialLevel>0</ManagerialLevel></LastModifiedBy><LastModified>0001-01-01T00:00:00</LastModified></ImportExportPackageSummaryOfWebService><ImportExportPackageSummaryOfWebService><Identity><WebServiceIdentity><Id>F7E3951001EA4AD1ACBFE4D6D5396529</Id><AutomaticallyPopulate>true</AutomaticallyPopulate><Name>ResAI_GetResult_Ire</Name><LatestProxyDllName /></WebServiceIdentity><CategoryIdentity><Id>EE3E6CC9049D4EE0BCD444A26C1EF452</Id><AutomaticallyPopulate>true</AutomaticallyPopulate><Name /></CategoryIdentity><ProxyDllName /><WebServiceSettings>&lt;?xml version="1.0" encoding="utf-16"?&gt;
&lt;WebServiceSettingsEntity xmlns:xsd="http://www.w3.org/2001/XMLSchema" xmlns:xsi="http://www.w3.org/2001/XMLSchema-instance"&gt;
  &lt;UserName /&gt;
  &lt;Password /&gt;
  &lt;WcfEnabled&gt;false&lt;/WcfEnabled&gt;
  &lt;RestfulWebService&gt;true&lt;/RestfulWebService&gt;
  &lt;EndPointUrl /&gt;
  &lt;HttpHeaders&gt;
    &lt;HttpHeader&gt;
      &lt;Name&gt;Authorization&lt;/Name&gt;
      &lt;Value&gt;5NrbRpDbwMaFttLtPJQIS4YY6su78zSv7SfZ9rvA&lt;/Value&gt;
    &lt;/HttpHeader&gt;
  &lt;/HttpHeaders&gt;
  &lt;OpenAPIEnabled&gt;false&lt;/OpenAPIEnabled&gt;
  &lt;UseClientCertificate&gt;false&lt;/UseClientCertificate&gt;
  &lt;ClientCertificate&gt;
    &lt;CertificateChanged&gt;false&lt;/CertificateChanged&gt;
    &lt;PasswordChanged&gt;false&lt;/PasswordChanged&gt;
  &lt;/ClientCertificate&gt;
&lt;/WebServiceSettingsEntity&gt;</WebServiceSettings><LastModifiedDate>0001-01-01T00:00:00</LastModifiedDate><OverwriteExisting>false</OverwriteExisting><WebServiceSettingsEntity><UserName /><Password /><WcfEnabled>false</WcfEnabled><RestfulWebService>true</RestfulWebService><EndPointUrl /><HttpHeaders><HttpHeader><Name>Authorization</Name><Value>5NrbRpDbwMaFttLtPJQIS4YY6su78zSv7SfZ9rvA</Value></HttpHeader></HttpHeaders><OpenAPIEnabled>false</OpenAPIEnabled><UseClientCertificate>false</UseClientCertificate><ClientCertificate><CertificateChanged>false</CertificateChanged><PasswordChanged>false</PasswordChanged></ClientCertificate></WebServiceSettingsEntity><ServiceUrl>https://api.pdf.resistant.ai/v1/pdf/results/</ServiceUrl></Identity><LastModifiedBy><Id /><AutomaticallyPopulate>true</AutomaticallyPopulate><ResourceType>Worker</ResourceType><EmailAddress /><UserId /><ManagerialLevel>0</ManagerialLevel></LastModifiedBy><LastModified>0001-01-01T00:00:00</LastModified></ImportExportPackageSummaryOfWebService><ImportExportPackageSummaryOfWebService><Identity><WebServiceIdentity><Id>120188AA77AB424798E8E9C2A997C847</Id><AutomaticallyPopulate>true</AutomaticallyPopulate><Name>DocTamperingPresignURL</Name><LatestProxyDllName /></WebServiceIdentity><CategoryIdentity><Id>EE3E6CC9049D4EE0BCD444A26C1EF452</Id><AutomaticallyPopulate>true</AutomaticallyPopulate><Name /></CategoryIdentity><ProxyDllName /><WebServiceSettings>&lt;?xml version="1.0" encoding="utf-16"?&gt;
&lt;WebServiceSettingsEntity xmlns:xsd="http://www.w3.org/2001/XMLSchema" xmlns:xsi="http://www.w3.org/2001/XMLSchema-instance"&gt;
  &lt;UserName /&gt;
  &lt;Password /&gt;
  &lt;WcfEnabled&gt;false&lt;/WcfEnabled&gt;
  &lt;RestfulWebService&gt;true&lt;/RestfulWebService&gt;
  &lt;EndPointUrl /&gt;
  &lt;HttpHeaders&gt;
    &lt;HttpHeader&gt;
      &lt;Name&gt;Authorization&lt;/Name&gt;
      &lt;Value&gt;5NrbRpDbwMaFttLtPJQIS4YY6su78zSv7SfZ9rvA&lt;/Value&gt;
    &lt;/HttpHeader&gt;
  &lt;/HttpHeaders&gt;
  &lt;OpenAPIEnabled&gt;false&lt;/OpenAPIEnabled&gt;
  &lt;UseClientCertificate&gt;false&lt;/UseClientCertificate&gt;
  &lt;ClientCertificate&gt;
    &lt;CertificateChanged&gt;false&lt;/CertificateChanged&gt;
    &lt;PasswordChanged&gt;false&lt;/PasswordChanged&gt;
  &lt;/ClientCertificate&gt;
&lt;/WebServiceSettingsEntity&gt;</WebServiceSettings><LastModifiedDate>0001-01-01T00:00:00</LastModifiedDate><OverwriteExisting>false</OverwriteExisting><WebServiceSettingsEntity><UserName /><Password /><WcfEnabled>false</WcfEnabled><RestfulWebService>true</RestfulWebService><EndPointUrl /><HttpHeaders><HttpHeader><Name>Authorization</Name><Value>5NrbRpDbwMaFttLtPJQIS4YY6su78zSv7SfZ9rvA</Value></HttpHeader></HttpHeaders><OpenAPIEnabled>false</OpenAPIEnabled><UseClientCertificate>false</UseClientCertificate><ClientCertificate><CertificateChanged>false</CertificateChanged><PasswordChanged>false</PasswordChanged></ClientCertificate></WebServiceSettingsEntity><ServiceUrl>https://api.pdf.resistant.ai/v1/pdf/presign/</ServiceUrl></Identity><LastModifiedBy><Id /><AutomaticallyPopulate>true</AutomaticallyPopulate><ResourceType>Worker</ResourceType><EmailAddress /><UserId /><ManagerialLevel>0</ManagerialLevel></LastModifiedBy><LastModified>0001-01-01T00:00:00</LastModified></ImportExportPackageSummaryOfWebService></WebServices><ImportConnections /><ImportSources /><OAuthServers /><CaptureSolution><Id /><Name /><Version>0</Version><Description /><DocumentLanguage /><CategoryIdentity><Id /><AutomaticallyPopulate>true</AutomaticallyPopulate><Name /></CategoryIdentity><LastModified>2022-02-09T23:24:15.0530423+00:00</LastModified><LockedBy><Id /><AutomaticallyPopulate>true</AutomaticallyPopulate><Name /><ResourceType>Worker</ResourceType><EmailAddress /><UserId /><ManagerialLevel>0</ManagerialLevel></LockedBy><ProcessIdentity><Id /><AutomaticallyPopulate>true</AutomaticallyPopulate><Version>0</Version><Name /></ProcessIdentity><ClassificationGroupIdentity><Id /><AutomaticallyPopulate>true</AutomaticallyPopulate><Version>0</Version><Name /></ClassificationGroupIdentity><GenerateMFPForms>false</GenerateMFPForms><ScanCNJFormLink /><ExpectedSolutionDuration>0</ExpectedSolutionDuration><UploadedDocsFolderId /><DownloadImagesAndData>false</DownloadImagesAndData><DeleteDocumentsWhenJobComplete>false</DeleteDocumentsWhenJobComplete><TrainingRequired>false</TrainingRequired><DownloadZipResources /><SeparationProfileIdentity /></CaptureSolution><DataModels /><QuickApp><Id /><Name /><Version>0</Version></QuickApp><PackageItemAssociations><PackageItemAssociation><Id>43DC45E162A4213C095229B99FBA31EA</Id><Name /><ItemType>0</ItemType><AssociatedItems><AssociatedItem><Id>CB701CC0DB5E4B0FA23973BAF35AEC18</Id><ItemType>28</ItemType><Name>Resistant AI</Name></AssociatedItem><AssociatedItem><Id>EE3E6CC9049D4EE0BCD444A26C1EF452</Id><ItemType>28</ItemType><Name>Resistant AI</Name></AssociatedItem><AssociatedItem><Id>93AB955FF7EE48B0A8B9D01D1BC6C513</Id><ItemType>28</ItemType><Name>Integration Demonstrations</Name></AssociatedItem><AssociatedItem><Id>3F152E290EE84D9FBE81FF86CEF87BAF</Id><ItemType>28</ItemType><Name>Syed Ahmed</Name></AssociatedItem><AssociatedItem><Id>E5EC21D22FE44AD0A037EF502836D380</Id><ItemType>28</ItemType><Name>D365CE Connector</Name></AssociatedItem><AssociatedItem><Id>C866CF4286EC370507832C08A4C11887</Id><ItemType>16</ItemType><Name>Case Form Classification Group</Name></AssociatedItem><AssociatedItem><Id>025B8B0B20D7796F4DFE3BBF0B415DE7</Id><ItemType>39</ItemType><Name>Get Display URL</Name></AssociatedItem><AssociatedItem><Id>A02CC378BA3C3CA71C46CD258705D021</Id><ItemType>39</ItemType><Name>D365CE Create Case Custom Service</Name></AssociatedItem><AssociatedItem><Id>161F8F818093437482D2886B7B6756BB</Id><ItemType>36</ItemType><Name>SESSION_ID</Name></AssociatedItem><AssociatedItem><Id>1E70BD400456422DBFA431767DC6CB0F</Id><ItemType>36</ItemType><Name>WORKQUEUE_FORM</Name></AssociatedItem><AssociatedItem><Id>5E0F01E4914A48D08009FFC40C130EFF</Id><ItemType>36</ItemType><Name>EPC</Name></AssociatedItem><AssociatedItem><Id>8A1DD88A21124A98A51B5679DE7FDCB4</Id><ItemType>36</ItemType><Name>JOB_ID</Name></AssociatedItem><AssociatedItem><Id>AFBE96EA665E4F16A2FDA88044A23D0A</Id><ItemType>36</ItemType><Name>NODE_ID</Name></AssociatedItem><AssociatedItem><Id>FC4A7E347D984994B76C942BFFCDF07B</Id><ItemType>47</ItemType><Name /></AssociatedItem><AssociatedItem><Id>D34EA7B15A7F84966DCF413B6C137BBA</Id><ItemType>34</ItemType><Name>Convert_to_TIF</Name></AssociatedItem><AssociatedItem><Id>E1B587993FF7E9FE66704614FF0EDF5E</Id><ItemType>18</ItemType><Name>Case Forms</Name></AssociatedItem><AssociatedItem><Id>08CB5591D73D4ED3BCFAA498483C7465</Id><ItemType>6</ItemType><Name>ResistantAIDemoCNJ</Name></AssociatedItem><AssociatedItem><Id>52B4FB4AF55F445CADB05ABAEA2069DD</Id><ItemType>6</ItemType><Name>ResistantWorkFlowFormV3</Name></AssociatedItem><AssociatedItem><Id>673D7FC985234DF891DB4AC3A2D1FD9D</Id><ItemType>6</ItemType><Name>Resistant AI Jobs and Activities</Name></AssociatedItem><AssociatedItem><Id>2D89F5BE0E8A40DE8A68AB8F79ED12DE</Id><ItemType>6</ItemType><Name>Create D365 Case Form</Name></AssociatedItem><AssociatedItem><Id>3A6CE4637EFE4B8DACD47F146F5E31BC</Id><ItemType>6</ItemType><Name>Case Form to D365CE_Validation</Name></AssociatedItem><AssociatedItem><Id>2EC1B8588009480BA9B7A0AA0C0DDD29</Id><ItemType>6</ItemType><Name>Case Form to D365CECreate Case Form</Name></AssociatedItem><AssociatedItem><Id>67067A41CDF74DC3B97218779634CCA1</Id><ItemType>6</ItemType><Name>D365 Work Queue</Name></AssociatedItem><AssociatedItem><Id>43DC45E162A4213C095229B99FBA31EA</Id><ItemType>0</ItemType><Name>ResistantAIDemo</Name></AssociatedItem><AssociatedItem><Id>6606AE0096A764C5073928EB0AFE792E</Id><ItemType>0</ItemType><Name>Case Form to D365CE</Name></AssociatedItem><AssociatedItem><Id>C1FC76502B7C452E0AF0DB4092CED338</Id><ItemType>24</ItemType><Name>Resistant MailBox</Name></AssociatedItem><AssociatedItem><Id>3C9245F2376C233A38D52B6D47231AE3</Id><ItemType>24</ItemType><Name>Resistant AI Jobs</Name></AssociatedItem><AssociatedItem><Id>90A327F54FE983911BE987D47D1910F0</Id><ItemType>24</ItemType><Name>D365 Work Queue</Name></AssociatedItem><AssociatedItem><Id>7C4111ADA5A276828C2CC140908355E7</Id><ItemType>24</ItemType><Name>All D365 Jobs</Name></AssociatedItem><AssociatedItem><Id>1EB290C9A8FB4C1ABCEA7DCC951FFD90</Id><ItemType>23</ItemType><Name>ResistantWorkFLowColumns</Name></AssociatedItem><AssociatedItem><Id>SPP_SYSTEM_SESSION_ID</Id><ItemType>35</ItemType><Name /></AssociatedItem><AssociatedItem><Id>RESISTANT_AUTHNKEY</Id><ItemType>35</ItemType><Name /></AssociatedItem><AssociatedItem><Id>RESISTANT_GETUPLOADURL</Id><ItemType>35</ItemType><Name /></AssociatedItem><AssociatedItem><Id>KTASERVICEURI</Id><ItemType>35</ItemType><Name /></AssociatedItem><AssociatedItem><Id>AP</Id><ItemType>35</ItemType><Name /></AssociatedItem><AssociatedItem><Id>AUTHKEY_IRE</Id><ItemType>35</ItemType><Name /></AssociatedItem><AssociatedItem><Id>UPLOADURL_IRE</Id><ItemType>35</ItemType><Name /></AssociatedItem><AssociatedItem><Id>DOCUMENTVIEWERURL</Id><ItemType>35</ItemType><Name /></AssociatedItem><AssociatedItem><Id>DISPLAYURLEXPIRYDURATIONINSECS</Id><ItemType>35</ItemType><Name /></AssociatedItem><AssociatedItem><Id>APPCLIENTID</Id><ItemType>35</ItemType><Name /></AssociatedItem><AssociatedItem><Id>CLIENTSECRETVALUE</Id><ItemType>35</ItemType><Name /></AssociatedItem><AssociatedItem><Id>DIRECTORYTENANTID</Id><ItemType>35</ItemType><Name /></AssociatedItem><AssociatedItem><Id>INSTANCEURL</Id><ItemType>35</ItemType><Name /></AssociatedItem></AssociatedItems></PackageItemAssociation><PackageItemAssociation><Id>6606AE0096A764C5073928EB0AFE792E</Id><Name /><ItemType>0</ItemType><AssociatedItems /></PackageItemAssociation><PackageItemAssociation><Id>025B8B0B20D7796F4DFE3BBF0B415DE7</Id><Name /><ItemType>39</ItemType><AssociatedItems /></PackageItemAssociation><PackageItemAssociation><Id>A02CC378BA3C3CA71C46CD258705D021</Id><Name /><ItemType>39</ItemType><AssociatedItems /></PackageItemAssociation><PackageItemAssociation><Id>08CB5591D73D4ED3BCFAA498483C7465</Id><Name /><ItemType>6</ItemType><AssociatedItems /></PackageItemAssociation><PackageItemAssociation><Id>52B4FB4AF55F445CADB05ABAEA2069DD</Id><Name /><ItemType>6</ItemType><AssociatedItems /></PackageItemAssociation><PackageItemAssociation><Id>673D7FC985234DF891DB4AC3A2D1FD9D</Id><Name /><ItemType>6</ItemType><AssociatedItems /></PackageItemAssociation><PackageItemAssociation><Id>2D89F5BE0E8A40DE8A68AB8F79ED12DE</Id><Name /><ItemType>6</ItemType><AssociatedItems /></PackageItemAssociation><PackageItemAssociation><Id>3A6CE4637EFE4B8DACD47F146F5E31BC</Id><Name /><ItemType>6</ItemType><AssociatedItems /></PackageItemAssociation><PackageItemAssociation><Id>2EC1B8588009480BA9B7A0AA0C0DDD29</Id><Name /><ItemType>6</ItemType><AssociatedItems /></PackageItemAssociation><PackageItemAssociation><Id>67067A41CDF74DC3B97218779634CCA1</Id><Name /><ItemType>6</ItemType><AssociatedItems /></PackageItemAssociation><PackageItemAssociation><Id>161F8F818093437482D2886B7B6756BB</Id><Name /><ItemType>36</ItemType><AssociatedItems /></PackageItemAssociation><PackageItemAssociation><Id>1E70BD400456422DBFA431767DC6CB0F</Id><Name /><ItemType>36</ItemType><AssociatedItems /></PackageItemAssociation><PackageItemAssociation><Id>5E0F01E4914A48D08009FFC40C130EFF</Id><Name /><ItemType>36</ItemType><AssociatedItems /></PackageItemAssociation><PackageItemAssociation><Id>8A1DD88A21124A98A51B5679DE7FDCB4</Id><Name /><ItemType>36</ItemType><AssociatedItems /></PackageItemAssociation><PackageItemAssociation><Id>AFBE96EA665E4F16A2FDA88044A23D0A</Id><Name /><ItemType>36</ItemType><AssociatedItems /></PackageItemAssociation><PackageItemAssociation><Id>C866CF4286EC370507832C08A4C11887</Id><Name /><ItemType>16</ItemType><AssociatedItems /></PackageItemAssociation><PackageItemAssociation><Id>E1B587993FF7E9FE66704614FF0EDF5E</Id><Name /><ItemType>18</ItemType><AssociatedItems /></PackageItemAssociation><PackageItemAssociation><Id>D34EA7B15A7F84966DCF413B6C137BBA</Id><Name /><ItemType>34</ItemType><AssociatedItems /></PackageItemAssociation><PackageItemAssociation><Id>1EB290C9A8FB4C1ABCEA7DCC951FFD90</Id><Name /><ItemType>23</ItemType><AssociatedItems /></PackageItemAssociation><PackageItemAssociation><Id>SPP_SYSTEM_SESSION_ID</Id><Name /><ItemType>35</ItemType><AssociatedItems /></PackageItemAssociation><PackageItemAssociation><Id>RESISTANT_AUTHNKEY</Id><Name /><ItemType>35</ItemType><AssociatedItems /></PackageItemAssociation><PackageItemAssociation><Id>RESISTANT_GETUPLOADURL</Id><Name /><ItemType>35</ItemType><AssociatedItems /></PackageItemAssociation><PackageItemAssociation><Id>KTASERVICEURI</Id><Name /><ItemType>35</ItemType><AssociatedItems /></PackageItemAssociation><PackageItemAssociation><Id>AP</Id><Name /><ItemType>35</ItemType><AssociatedItems /></PackageItemAssociation><PackageItemAssociation><Id>AUTHKEY_IRE</Id><Name /><ItemType>35</ItemType><AssociatedItems /></PackageItemAssociation><PackageItemAssociation><Id>UPLOADURL_IRE</Id><Name /><ItemType>35</ItemType><AssociatedItems /></PackageItemAssociation><PackageItemAssociation><Id>DOCUMENTVIEWERURL</Id><Name /><ItemType>35</ItemType><AssociatedItems /></PackageItemAssociation><PackageItemAssociation><Id>DISPLAYURLEXPIRYDURATIONINSECS</Id><Name /><ItemType>35</ItemType><AssociatedItems /></PackageItemAssociation><PackageItemAssociation><Id>APPCLIENTID</Id><Name /><ItemType>35</ItemType><AssociatedItems /></PackageItemAssociation><PackageItemAssociation><Id>CLIENTSECRETVALUE</Id><Name /><ItemType>35</ItemType><AssociatedItems /></PackageItemAssociation><PackageItemAssociation><Id>DIRECTORYTENANTID</Id><Name /><ItemType>35</ItemType><AssociatedItems /></PackageItemAssociation><PackageItemAssociation><Id>INSTANCEURL</Id><Name /><ItemType>35</ItemType><AssociatedItems /></PackageItemAssociation><PackageItemAssociation><Id>C1FC76502B7C452E0AF0DB4092CED338</Id><Name /><ItemType>24</ItemType><AssociatedItems /></PackageItemAssociation><PackageItemAssociation><Id>3C9245F2376C233A38D52B6D47231AE3</Id><Name /><ItemType>24</ItemType><AssociatedItems /></PackageItemAssociation><PackageItemAssociation><Id>90A327F54FE983911BE987D47D1910F0</Id><Name /><ItemType>24</ItemType><AssociatedItems /></PackageItemAssociation><PackageItemAssociation><Id>7C4111ADA5A276828C2CC140908355E7</Id><Name /><ItemType>24</ItemType><AssociatedItems /></PackageItemAssociation><PackageItemAssociation><Id>CB701CC0DB5E4B0FA23973BAF35AEC18</Id><Name /><ItemType>28</ItemType><AssociatedItems /></PackageItemAssociation><PackageItemAssociation><Id>EE3E6CC9049D4EE0BCD444A26C1EF452</Id><Name /><ItemType>28</ItemType><AssociatedItems /></PackageItemAssociation><PackageItemAssociation><Id>93AB955FF7EE48B0A8B9D01D1BC6C513</Id><Name /><ItemType>28</ItemType><AssociatedItems /></PackageItemAssociation><PackageItemAssociation><Id>3F152E290EE84D9FBE81FF86CEF87BAF</Id><Name /><ItemType>28</ItemType><AssociatedItems /></PackageItemAssociation><PackageItemAssociation><Id>E5EC21D22FE44AD0A037EF502836D380</Id><Name /><ItemType>28</ItemType><AssociatedItems /></PackageItemAssociation><PackageItemAssociation><Id>FC4A7E347D984994B76C942BFFCDF07B</Id><Name /><ItemType>47</ItemType><AssociatedItems /></PackageItemAssociation></PackageItemAssociations></SpaPackageImportExportData>