<?xml version="1.0" encoding="utf-16"?><SpaPackageImportExportData xmlns:xsd="http://www.w3.org/2001/XMLSchema" xmlns:xsi="http://www.w3.org/2001/XMLSchema-instance" dbversion="7.900000"><PackageSummary><SpaPackageIdentity><Id>4F9092BB5B4B400FB1F0AF505AAFB31C</Id><Name>ResistantAI Export</Name><Version>3</Version></SpaPackageIdentity><Description /><CategoryIdentity><Id>3F152E290EE84D9FBE81FF86CEF87BAF</Id><AutomaticallyPopulate>true</AutomaticallyPopulate><Name>Syed Ahmed</Name></CategoryIdentity><LastModifiedDateTime>2021-10-18T03:38:03.71</LastModifiedDateTime><LastModifiedResource><Id>8E70664E4C174927AB46D67E1A762508</Id><AutomaticallyPopulate>true</AutomaticallyPopulate><Name>Syed Ahmed</Name><ResourceType>Worker</ResourceType><EmailAddress /><UserId /><ManagerialLevel>0</ManagerialLevel></LastModifiedResource><Comments /><ResourceAccessTokens><ResourceAccess><ResourceIdentity><Id>7DF43CCDF24611D2804B00104B71BD15</Id><AutomaticallyPopulate>true</AutomaticallyPopulate><Name>Everyone</Name><ResourceType>GroupOfWorkers</ResourceType><EmailAddress /><UserId /><ManagerialLevel>0</ManagerialLevel></ResourceIdentity><AccessType>MaintenanceAccess</AccessType><PermissionType>FullControl</PermissionType></ResourceAccess></ResourceAccessTokens><PermissionType>FullControl</PermissionType></PackageSummary><Processes><ImportExportPackageSummaryOfProcessIdentity><Identity><Id>43DC45E162A4213C095229B99FBA31EA</Id><AutomaticallyPopulate>true</AutomaticallyPopulate><Version>30</Version><Name>ResistantAIDemo</Name></Identity><LastModifiedBy><Id>2C90EEF0FEC5474AA18CFC3B931EDF1B</Id><AutomaticallyPopulate>true</AutomaticallyPopulate><ResourceType>Worker</ResourceType><EmailAddress /><UserId /><ManagerialLevel>0</ManagerialLevel></LastModifiedBy><LastModified>2021-08-27T16:36:53.39</LastModified></ImportExportPackageSummaryOfProcessIdentity></Processes><ProcessExportOption><ExportResources>false</ExportResources><ExportGroupResourceMembers>false</ExportGroupResourceMembers><ExportResourcesExtensions>false</ExportResourcesExtensions><ExportCategories>false</ExportCategories><WithCategoryParentage>false</WithCategoryParentage><GeneralizedExport>false</GeneralizedExport><ExportDotNetReferencesWithPath>true</ExportDotNetReferencesWithPath><ExportCaseFragments>false</ExportCaseFragments><ExportTemplateSkins>false</ExportTemplateSkins><ExportExtractionClassificationData>true</ExportExtractionClassificationData><ExportGlobalDataModels>false</ExportGlobalDataModels><ExportProcessDataModels>false</ExportProcessDataModels><ExportType>CombineAssociatedMaps</ExportType><Version>0</Version><ExportServerVariables>true</ExportServerVariables><PreloadScript>1</PreloadScript><SleepDuration>0</SleepDuration><CategoryIds /><ProcessDocument>false</ProcessDocument><ProcessViewer>false</ProcessViewer><DotNetActivityType>0</DotNetActivityType><Projects /><AllProcessVariables /><ExportOnlyDocumentGroupIdentityDetails>false</ExportOnlyDocumentGroupIdentityDetails><SiteDetailsRequired>false</SiteDetailsRequired><CmisSiteDetailsRequired>false</CmisSiteDetailsRequired><Assets /><PerceptiveSiteDetailsRequired>false</PerceptiveSiteDetailsRequired><IncludeExportConnectorMappings>false</IncludeExportConnectorMappings><IsSpaExport>false</IsSpaExport><ProcessType>BusinessProcess</ProcessType><ProtectedItems /><ExportPageRenditions>false</ExportPageRenditions><ExportReportingTags>false</ExportReportingTags><IncludeProcessAssociationsInPackage>false</IncludeProcessAssociationsInPackage></ProcessExportOption><WorkAllocationRules /><Skins /><BusinessRules /><CustomServices /><CustomServiceGroups /><Assets><ImportExportPackageSummaryOfAssetIdentity><Identity><Id>672FE74E5CD044EAB21A1FEB32D3E897</Id><Name>ResistantAIServiceDLL.dll</Name><AssetType>DotNetAssembly</AssetType><AutomaticallyPopulate>true</AutomaticallyPopulate><StorageId>1</StorageId></Identity><LastModifiedBy><Id /><AutomaticallyPopulate>true</AutomaticallyPopulate><ResourceType>Worker</ResourceType><EmailAddress /><UserId /><ManagerialLevel>0</ManagerialLevel></LastModifiedBy><LastModified>2021-08-27T16:12:42.82</LastModified></ImportExportPackageSummaryOfAssetIdentity></Assets><Forms><ImportExportPackageSummaryOfFormIdentity><Identity><Id>673D7FC985234DF891DB4AC3A2D1FD9D</Id><AutomaticallyPopulate>false</AutomaticallyPopulate><Name>Resistant AI Jobs and Activities</Name><Version>3</Version></Identity><LastModifiedBy><Id>2C90EEF0FEC5474AA18CFC3B931EDF1B</Id><AutomaticallyPopulate>false</AutomaticallyPopulate><ResourceType>Worker</ResourceType><EmailAddress /><UserId /><ManagerialLevel>0</ManagerialLevel></LastModifiedBy><LastModified>2021-08-27T16:30:34.4</LastModified></ImportExportPackageSummaryOfFormIdentity><ImportExportPackageSummaryOfFormIdentity><Identity><Id>52B4FB4AF55F445CADB05ABAEA2069DD</Id><AutomaticallyPopulate>false</AutomaticallyPopulate><Name>ResistantWorkFlowFormV3</Name><Version>70</Version></Identity><LastModifiedBy><Id>2C90EEF0FEC5474AA18CFC3B931EDF1B</Id><AutomaticallyPopulate>false</AutomaticallyPopulate><ResourceType>Worker</ResourceType><EmailAddress /><UserId /><ManagerialLevel>0</ManagerialLevel></LastModifiedBy><LastModified>2021-09-22T09:25:03.063</LastModified></ImportExportPackageSummaryOfFormIdentity><ImportExportPackageSummaryOfFormIdentity><Identity><Id>08CB5591D73D4ED3BCFAA498483C7465</Id><AutomaticallyPopulate>false</AutomaticallyPopulate><Name>ResistantAIDemoCNJ</Name><Version>14</Version></Identity><LastModifiedBy><Id>2C90EEF0FEC5474AA18CFC3B931EDF1B</Id><AutomaticallyPopulate>false</AutomaticallyPopulate><ResourceType>Worker</ResourceType><EmailAddress /><UserId /><ManagerialLevel>0</ManagerialLevel></LastModifiedBy><LastModified>2021-09-22T16:53:33.31</LastModified></ImportExportPackageSummaryOfFormIdentity></Forms><FormExportOptions><ExportHeader>false</ExportHeader><ExportNavigation>false</ExportNavigation><ExportGlobalVariables>true</ExportGlobalVariables><ExportWebServices>false</ExportWebServices><ExportBusinessRules>false</ExportBusinessRules><ExportSecurityTokens>false</ExportSecurityTokens><ExportSecurityRoles>false</ExportSecurityRoles><ExportRoleMembers>false</ExportRoleMembers><IsSpaExport>false</IsSpaExport></FormExportOptions><Navigations /><DeviceSettings /><Sites /><Themes /><Languages /><Lookups /><Resources /><Entities /><WorkTypes><ImportExportPackageSummaryOfWorkQueueDefinitionIdentity><Identity><Id>1EB290C9A8FB4C1ABCEA7DCC951FFD90</Id><AutomaticallyPopulate>true</AutomaticallyPopulate><Name>ResistantWorkFLowColumns</Name><LastModifiedOn>0001-01-01T00:00:00</LastModifiedOn></Identity><LastModifiedBy><Id /><AutomaticallyPopulate>true</AutomaticallyPopulate><ResourceType>Worker</ResourceType><EmailAddress /><UserId /><ManagerialLevel>0</ManagerialLevel></LastModifiedBy><LastModified>2021-08-27T06:10:36.883</LastModified></ImportExportPackageSummaryOfWorkQueueDefinitionIdentity></WorkTypes><Checklists /><Folders /><ExtractionGroups /><ClassificationGroups /><Formatters /><FieldValidators /><ChecklistItems /><Events /><Targets /><Alerts /><AlertExportOption><ExportAssociatedProcess>false</ExportAssociatedProcess></AlertExportOption><Categories><ImportExportPackageSummaryOfCategoryIdentity><Identity><Id>93AB955FF7EE48B0A8B9D01D1BC6C513</Id><AutomaticallyPopulate>true</AutomaticallyPopulate><Name>Integration Demonstrations</Name></Identity><LastModifiedBy><Id>FCD9C3F7F6B94BE489D9087B2F809696</Id><AutomaticallyPopulate>true</AutomaticallyPopulate><ResourceType>Worker</ResourceType><EmailAddress /><UserId /><ManagerialLevel>0</ManagerialLevel></LastModifiedBy><LastModified>2021-06-08T10:35:52.963</LastModified></ImportExportPackageSummaryOfCategoryIdentity><ImportExportPackageSummaryOfCategoryIdentity><Identity><Id>EE3E6CC9049D4EE0BCD444A26C1EF452</Id><AutomaticallyPopulate>true</AutomaticallyPopulate><Name>Resistant AI</Name></Identity><LastModifiedBy><Id>2C90EEF0FEC5474AA18CFC3B931EDF1B</Id><AutomaticallyPopulate>true</AutomaticallyPopulate><ResourceType>Worker</ResourceType><EmailAddress /><UserId /><ManagerialLevel>0</ManagerialLevel></LastModifiedBy><LastModified>2021-08-27T16:25:07.783</LastModified></ImportExportPackageSummaryOfCategoryIdentity></Categories><ScanVrsProfiles /><SeparationProfiles /><PdfGenerationProfiles /><DocConversionProfiles /><JobSchedules /><CaptureControlLayouts /><RegularExpressions /><Personas /><ServerVariables /><ServerVariablesCollection><ImportExportPackageSummaryOfVariable><Identity><VariableType>System</VariableType><Value xsi:type="xsd:string" /><Identity><Id>SPP_SYSTEM_SESSION_ID</Id><Version>0</Version><DisplayName>SPP_SYSTEM_SESSION_ID</DisplayName></Identity><Dynamic>true</Dynamic><Category><Id>FBCB88103B4D414FAE8E38058F46CCF4</Id><AutomaticallyPopulate>true</AutomaticallyPopulate><Name /></Category><Grouping><Identity><Id>4FEE4E069417475DAC5D2C2E5C95CA49</Id></Identity><Variables /></Grouping><UseInSkin>false</UseInSkin><Found>false</Found><IsSecure>false</IsSecure><VariableScope>Process</VariableScope><IsDateExpression>false</IsDateExpression><VariableDisplayProperties><VariableIdentity><Version>0</Version></VariableIdentity><StringVariableDisplayProperties><VariableControlType>Singleline</VariableControlType><MaxNumberOfCharacters>0</MaxNumberOfCharacters><LookupIdentity /><StaticData /><Mandatory>false</Mandatory></StringVariableDisplayProperties><MinDate xsi:nil="true" /><MaxDate xsi:nil="true" /><DecimalPrecision>0</DecimalPrecision></VariableDisplayProperties></Identity><LastModifiedBy><Id /><AutomaticallyPopulate>true</AutomaticallyPopulate><ResourceType>Worker</ResourceType><EmailAddress /><UserId /><ManagerialLevel>0</ManagerialLevel></LastModifiedBy><LastModified>0001-01-01T00:00:00</LastModified></ImportExportPackageSummaryOfVariable><ImportExportPackageSummaryOfVariable><Identity><VariableType>String</VariableType><Value xsi:type="xsd:string">90FI76e4R585CqHM2Lnot9vIuTVpp1NcadqBvhjQ</Value><Identity><Id>RESISTANT_AUTHNKEY</Id><Version>0</Version><DisplayName>Authorization Key</DisplayName></Identity><Dynamic>false</Dynamic><Category><Id>3F152E290EE84D9FBE81FF86CEF87BAF</Id><AutomaticallyPopulate>true</AutomaticallyPopulate><Name /></Category><Grouping><Identity><Id>4FEE4E069417475DAC5D2C2E5C95CA49</Id></Identity><Variables /></Grouping><UseInSkin>false</UseInSkin><Found>false</Found><IsSecure>false</IsSecure><VariableScope>Process</VariableScope><IsDateExpression>false</IsDateExpression><VariableDisplayProperties><VariableIdentity><Version>0</Version></VariableIdentity><StringVariableDisplayProperties><VariableControlType>Singleline</VariableControlType><MaxNumberOfCharacters>0</MaxNumberOfCharacters><LookupIdentity /><StaticData /><Mandatory>false</Mandatory></StringVariableDisplayProperties><MinDate xsi:nil="true" /><MaxDate xsi:nil="true" /><DecimalPrecision>0</DecimalPrecision></VariableDisplayProperties></Identity><LastModifiedBy><Id /><AutomaticallyPopulate>true</AutomaticallyPopulate><ResourceType>Worker</ResourceType><EmailAddress /><UserId /><ManagerialLevel>0</ManagerialLevel></LastModifiedBy><LastModified>0001-01-01T00:00:00</LastModified></ImportExportPackageSummaryOfVariable><ImportExportPackageSummaryOfVariable><Identity><VariableType>String</VariableType><Value xsi:type="xsd:string">https://56er5r7b48.execute-api.ap-southeast-2.amazonaws.com/prod/v1/pdf/submit</Value><Identity><Id>RESISTANT_GETUPLOADURL</Id><Version>0</Version><DisplayName>GetUploadURL</DisplayName></Identity><Dynamic>false</Dynamic><Category><Id>3F152E290EE84D9FBE81FF86CEF87BAF</Id><AutomaticallyPopulate>true</AutomaticallyPopulate><Name /></Category><Grouping><Identity><Id>4FEE4E069417475DAC5D2C2E5C95CA49</Id></Identity><Variables /></Grouping><UseInSkin>false</UseInSkin><Found>false</Found><IsSecure>false</IsSecure><VariableScope>Process</VariableScope><IsDateExpression>false</IsDateExpression><VariableDisplayProperties><VariableIdentity><Version>0</Version></VariableIdentity><StringVariableDisplayProperties><VariableControlType>Singleline</VariableControlType><MaxNumberOfCharacters>0</MaxNumberOfCharacters><LookupIdentity /><StaticData /><Mandatory>false</Mandatory></StringVariableDisplayProperties><MinDate xsi:nil="true" /><MaxDate xsi:nil="true" /><DecimalPrecision>0</DecimalPrecision></VariableDisplayProperties></Identity><LastModifiedBy><Id /><AutomaticallyPopulate>true</AutomaticallyPopulate><ResourceType>Worker</ResourceType><EmailAddress /><UserId /><ManagerialLevel>0</ManagerialLevel></LastModifiedBy><LastModified>0001-01-01T00:00:00</LastModified></ImportExportPackageSummaryOfVariable><ImportExportPackageSummaryOfVariable><Identity><VariableType>String</VariableType><Value xsi:type="xsd:string">https://pdf.testing.resistant.ai/review-kofax/result/</Value><Identity><Id>DOCUMENTVIEWERURL</Id><Version>0</Version><DisplayName>Document Viewer URL</DisplayName></Identity><Dynamic>false</Dynamic><Category><Id>3F152E290EE84D9FBE81FF86CEF87BAF</Id><AutomaticallyPopulate>true</AutomaticallyPopulate><Name /></Category><Grouping><Identity><Id>4FEE4E069417475DAC5D2C2E5C95CA49</Id></Identity><Variables /></Grouping><UseInSkin>false</UseInSkin><Found>false</Found><IsSecure>false</IsSecure><VariableScope>Process</VariableScope><IsDateExpression>false</IsDateExpression><VariableDisplayProperties><VariableIdentity><Version>0</Version></VariableIdentity><StringVariableDisplayProperties><VariableControlType>Singleline</VariableControlType><MaxNumberOfCharacters>0</MaxNumberOfCharacters><LookupIdentity /><StaticData /><Mandatory>false</Mandatory></StringVariableDisplayProperties><MinDate xsi:nil="true" /><MaxDate xsi:nil="true" /><DecimalPrecision>0</DecimalPrecision></VariableDisplayProperties></Identity><LastModifiedBy><Id /><AutomaticallyPopulate>true</AutomaticallyPopulate><ResourceType>Worker</ResourceType><EmailAddress /><UserId /><ManagerialLevel>0</ManagerialLevel></LastModifiedBy><LastModified>0001-01-01T00:00:00</LastModified></ImportExportPackageSummaryOfVariable><ImportExportPackageSummaryOfVariable><Identity><VariableType>String</VariableType><Value xsi:type="xsd:string">https://demo1-dev.dmoeukta.dev.kofaxcloud.com/Services/Sdk</Value><Identity><Id>KTASERVICEURI</Id><Version>0</Version><DisplayName>KTAServiceUri</DisplayName></Identity><Dynamic>false</Dynamic><Category><Id>3F152E290EE84D9FBE81FF86CEF87BAF</Id><AutomaticallyPopulate>true</AutomaticallyPopulate><Name /></Category><Grouping><Identity><Id>4FEE4E069417475DAC5D2C2E5C95CA49</Id></Identity><Variables /></Grouping><UseInSkin>false</UseInSkin><Found>false</Found><IsSecure>false</IsSecure><VariableScope>Process</VariableScope><IsDateExpression>false</IsDateExpression><VariableDisplayProperties><VariableIdentity><Version>0</Version></VariableIdentity><StringVariableDisplayProperties><VariableControlType>Singleline</VariableControlType><MaxNumberOfCharacters>0</MaxNumberOfCharacters><LookupIdentity /><StaticData /><Mandatory>false</Mandatory></StringVariableDisplayProperties><MinDate xsi:nil="true" /><MaxDate xsi:nil="true" /><DecimalPrecision>0</DecimalPrecision></VariableDisplayProperties></Identity><LastModifiedBy><Id /><AutomaticallyPopulate>true</AutomaticallyPopulate><ResourceType>Worker</ResourceType><EmailAddress /><UserId /><ManagerialLevel>0</ManagerialLevel></LastModifiedBy><LastModified>0001-01-01T00:00:00</LastModified></ImportExportPackageSummaryOfVariable></ServerVariablesCollection><ThreadPools><ImportExportPackageSummaryOfThreadPoolIdentity><Identity><Id>0</Id><Name>Default Thread Pool</Name></Identity><LastModifiedBy><Id /><AutomaticallyPopulate>true</AutomaticallyPopulate><ResourceType>Worker</ResourceType><EmailAddress /><UserId /><ManagerialLevel>0</ManagerialLevel></LastModifiedBy><LastModified>0001-01-01T00:00:00</LastModified></ImportExportPackageSummaryOfThreadPoolIdentity></ThreadPools><Tags /><GlobalVariables /><GlobalVariablesCollection><ImportExportPackageSummaryOfSessionVariable><Identity><Identity><Name>SESSION_ID</Name><Id>161F8F818093437482D2886B7B6756BB</Id><AutomaticallyPopulate>true</AutomaticallyPopulate></Identity><Description>The current Session Identifer.</Description><Value /><IsLocalizable>false</IsLocalizable><Category><Id>201F370CA5164F76ADDD8EEEFF666AF7</Id><AutomaticallyPopulate>true</AutomaticallyPopulate><Name>Default Category</Name></Category><LastModifiedDateTime>2021-02-10T14:09:40.02</LastModifiedDateTime><IsSecure>false</IsSecure></Identity><LastModifiedBy><Id /><AutomaticallyPopulate>true</AutomaticallyPopulate><ResourceType>Worker</ResourceType><EmailAddress /><UserId /><ManagerialLevel>0</ManagerialLevel></LastModifiedBy><LastModified>2021-02-10T14:09:40.02</LastModified></ImportExportPackageSummaryOfSessionVariable><ImportExportPackageSummaryOfSessionVariable><Identity><Identity><Name>WORKQUEUE_FORM</Name><Id>1E70BD400456422DBFA431767DC6CB0F</Id><AutomaticallyPopulate>true</AutomaticallyPopulate></Identity><Description>The Workqueue Form.</Description><Value /><IsLocalizable>false</IsLocalizable><Category><Id>201F370CA5164F76ADDD8EEEFF666AF7</Id><AutomaticallyPopulate>true</AutomaticallyPopulate><Name>Default Category</Name></Category><LastModifiedDateTime>2021-02-10T14:09:40.117</LastModifiedDateTime><IsSecure>false</IsSecure></Identity><LastModifiedBy><Id /><AutomaticallyPopulate>true</AutomaticallyPopulate><ResourceType>Worker</ResourceType><EmailAddress /><UserId /><ManagerialLevel>0</ManagerialLevel></LastModifiedBy><LastModified>2021-02-10T14:09:40.117</LastModified></ImportExportPackageSummaryOfSessionVariable><ImportExportPackageSummaryOfSessionVariable><Identity><Identity><Name>EPC</Name><Id>5E0F01E4914A48D08009FFC40C130EFF</Id><AutomaticallyPopulate>true</AutomaticallyPopulate></Identity><Description>The EPC.</Description><Value /><IsLocalizable>false</IsLocalizable><Category><Id>201F370CA5164F76ADDD8EEEFF666AF7</Id><AutomaticallyPopulate>true</AutomaticallyPopulate><Name>Default Category</Name></Category><LastModifiedDateTime>2021-02-10T14:09:40.077</LastModifiedDateTime><IsSecure>false</IsSecure></Identity><LastModifiedBy><Id /><AutomaticallyPopulate>true</AutomaticallyPopulate><ResourceType>Worker</ResourceType><EmailAddress /><UserId /><ManagerialLevel>0</ManagerialLevel></LastModifiedBy><LastModified>2021-02-10T14:09:40.077</LastModified></ImportExportPackageSummaryOfSessionVariable><ImportExportPackageSummaryOfSessionVariable><Identity><Identity><Name>JOB_ID</Name><Id>8A1DD88A21124A98A51B5679DE7FDCB4</Id><AutomaticallyPopulate>true</AutomaticallyPopulate></Identity><Description>The Job ID.</Description><Value /><IsLocalizable>false</IsLocalizable><Category><Id>201F370CA5164F76ADDD8EEEFF666AF7</Id><AutomaticallyPopulate>true</AutomaticallyPopulate><Name>Default Category</Name></Category><LastModifiedDateTime>2021-02-10T14:09:40.067</LastModifiedDateTime><IsSecure>false</IsSecure></Identity><LastModifiedBy><Id /><AutomaticallyPopulate>true</AutomaticallyPopulate><ResourceType>Worker</ResourceType><EmailAddress /><UserId /><ManagerialLevel>0</ManagerialLevel></LastModifiedBy><LastModified>2021-02-10T14:09:40.067</LastModified></ImportExportPackageSummaryOfSessionVariable><ImportExportPackageSummaryOfSessionVariable><Identity><Identity><Name>NODE_ID</Name><Id>AFBE96EA665E4F16A2FDA88044A23D0A</Id><AutomaticallyPopulate>true</AutomaticallyPopulate></Identity><Description>The Node ID.</Description><Value /><IsLocalizable>false</IsLocalizable><Category><Id>201F370CA5164F76ADDD8EEEFF666AF7</Id><AutomaticallyPopulate>true</AutomaticallyPopulate><Name>Default Category</Name></Category><LastModifiedDateTime>2021-02-10T14:09:40.087</LastModifiedDateTime><IsSecure>false</IsSecure></Identity><LastModifiedBy><Id /><AutomaticallyPopulate>true</AutomaticallyPopulate><ResourceType>Worker</ResourceType><EmailAddress /><UserId /><ManagerialLevel>0</ManagerialLevel></LastModifiedBy><LastModified>2021-02-10T14:09:40.087</LastModified></ImportExportPackageSummaryOfSessionVariable></GlobalVariablesCollection><ServerXmlExpressionVariables /><DotNetReferences /><MiscellaneousFiles /><Queries><ImportExportPackageSummaryOfQueryInfo><Identity><Identity><Id>3C9245F2376C233A38D52B6D47231AE3</Id><Name>Resistant AI Jobs</Name><QueryType>All</QueryType></Identity><QueryType>JobList</QueryType></Identity><LastModifiedBy><Id>2C90EEF0FEC5474AA18CFC3B931EDF1B</Id><AutomaticallyPopulate>true</AutomaticallyPopulate><ResourceType>Worker</ResourceType><EmailAddress /><UserId /><ManagerialLevel>0</ManagerialLevel></LastModifiedBy><LastModified>2021-09-21T19:41:32.85</LastModified></ImportExportPackageSummaryOfQueryInfo><ImportExportPackageSummaryOfQueryInfo><Identity><Identity><Id>C1FC76502B7C452E0AF0DB4092CED338</Id><Name>Resistant MailBox</Name><QueryType>All</QueryType></Identity><QueryType>WorkQueue</QueryType></Identity><LastModifiedBy><Id>2C90EEF0FEC5474AA18CFC3B931EDF1B</Id><AutomaticallyPopulate>true</AutomaticallyPopulate><ResourceType>Worker</ResourceType><EmailAddress /><UserId /><ManagerialLevel>0</ManagerialLevel></LastModifiedBy><LastModified>2021-09-21T19:42:34.027</LastModified></ImportExportPackageSummaryOfQueryInfo></Queries><FormTemplates /><Localisations /><Packages /><ExportConnectorDeploymentProperties /><ShowProcessAssociations>true</ShowProcessAssociations><ShowFormAssociations>true</ShowFormAssociations><SystemExportOptions><IncludeNoteTypes>false</IncludeNoteTypes><IncludeHotKeys>false</IncludeHotKeys><IncludePageRenditions>false</IncludePageRenditions><IncludeNodeColors>false</IncludeNodeColors><IncludeReportingTags>false</IncludeReportingTags></SystemExportOptions><ShowCategoryAssociations>false</ShowCategoryAssociations><Version><Major>7</Major><Minor>3</Minor><Build>1</Build><Revision>0</Revision></Version><DocumentTypeVariants /><ProtectAllItems>false</ProtectAllItems><ProtectedItems /><IncludeRoleMembers>false</IncludeRoleMembers><IncludeDevices>false</IncludeDevices><IncludeDeviceProfiles>false</IncludeDeviceProfiles><IncludeDeviceSettings>false</IncludeDeviceSettings><ExportConnectorMappings>false</ExportConnectorMappings><Deployment><Identity><Id>9880A38AC49BE39EE7BEB2E87AB6A866</Id><Name>Config</Name></Identity><Description /><PackageDeploymentItems><GlobalVariables /><ServerVariables /><WebServices /><DeviceOverridableSettings /><CaptureProjectSettings /><ExportConnectorDeploymentProperties /></PackageDeploymentItems></Deployment><WebServices><ImportExportPackageSummaryOfWebService><Identity><WebServiceIdentity><Id>5A411766742C4232B5C3D20D23A5109B</Id><AutomaticallyPopulate>true</AutomaticallyPopulate><Name>ResistantAPI_GetResult</Name><LatestProxyDllName /></WebServiceIdentity><CategoryIdentity><Id>EE3E6CC9049D4EE0BCD444A26C1EF452</Id><AutomaticallyPopulate>true</AutomaticallyPopulate><Name /></CategoryIdentity><ProxyDllName /><WebServiceSettings>&lt;WebServiceSettingsEntity xmlns:xsd="http://www.w3.org/2001/XMLSchema" xmlns:xsi="http://www.w3.org/2001/XMLSchema-instance"&gt;&lt;UserName /&gt;&lt;Password /&gt;&lt;WcfEnabled&gt;false&lt;/WcfEnabled&gt;&lt;RestfulWebService&gt;true&lt;/RestfulWebService&gt;&lt;EndPointUrl /&gt;&lt;HttpHeaders&gt;&lt;HttpHeader&gt;&lt;Name&gt;Authorization&lt;/Name&gt;&lt;Value&gt;90FI76e4R585CqHM2Lnot9vIuTVpp1NcadqBvhjQ&lt;/Value&gt;&lt;/HttpHeader&gt;&lt;/HttpHeaders&gt;&lt;OpenAPIEnabled&gt;false&lt;/OpenAPIEnabled&gt;&lt;/WebServiceSettingsEntity&gt;</WebServiceSettings><LastModifiedDate>0001-01-01T00:00:00</LastModifiedDate><OverwriteExisting>false</OverwriteExisting><WebServiceSettingsEntity><UserName /><Password /><WcfEnabled>false</WcfEnabled><RestfulWebService>true</RestfulWebService><EndPointUrl /><HttpHeaders><HttpHeader><Name>Authorization</Name><Value>90FI76e4R585CqHM2Lnot9vIuTVpp1NcadqBvhjQ</Value></HttpHeader></HttpHeaders><OpenAPIEnabled>false</OpenAPIEnabled></WebServiceSettingsEntity><ServiceUrl>https://56er5r7b48.execute-api.ap-southeast-2.amazonaws.com/prod/v1/pdf/results/</ServiceUrl></Identity><LastModifiedBy><Id /><AutomaticallyPopulate>true</AutomaticallyPopulate><ResourceType>Worker</ResourceType><EmailAddress /><UserId /><ManagerialLevel>0</ManagerialLevel></LastModifiedBy><LastModified>0001-01-01T00:00:00</LastModified></ImportExportPackageSummaryOfWebService></WebServices><ImportConnections /><ImportSources /><OAuthServers /><CaptureSolution><Id /><Name /><Version>0</Version><Description /><DocumentLanguage /><CategoryIdentity><Id /><AutomaticallyPopulate>true</AutomaticallyPopulate><Name /></CategoryIdentity><LastModified>2021-10-18T03:38:15.9550035+00:00</LastModified><LockedBy><Id /><AutomaticallyPopulate>true</AutomaticallyPopulate><Name /><ResourceType>Worker</ResourceType><EmailAddress /><UserId /><ManagerialLevel>0</ManagerialLevel></LockedBy><ProcessIdentity><Id /><AutomaticallyPopulate>true</AutomaticallyPopulate><Version>0</Version><Name /></ProcessIdentity><ClassificationGroupIdentity><Id /><AutomaticallyPopulate>true</AutomaticallyPopulate><Version>0</Version><Name /></ClassificationGroupIdentity><GenerateMFPForms>false</GenerateMFPForms><ScanCNJFormLink /><ExpectedSolutionDuration>0</ExpectedSolutionDuration><UploadedDocsFolderId /><DownloadImagesAndData>false</DownloadImagesAndData><DeleteDocumentsWhenJobComplete>false</DeleteDocumentsWhenJobComplete><TrainingRequired>false</TrainingRequired><DownloadZipResources /><SeparationProfileIdentity /></CaptureSolution><DataModels /><QuickApp><Id /><Name /><Version>0</Version></QuickApp></SpaPackageImportExportData>