<?xml version="1.0" encoding="utf-16"?>
<ArrayOfSessionVariable xmlns:xsd="http://www.w3.org/2001/XMLSchema" xmlns:xsi="http://www.w3.org/2001/XMLSchema-instance">
  <SessionVariable>
    <Identity>
      <Name>WORKQUEUE_FORM</Name>
      <Id>1E70BD400456422DBFA431767DC6CB0F</Id>
      <AutomaticallyPopulate>true</AutomaticallyPopulate>
    </Identity>
    <Description>The Workqueue Form.</Description>
    <Value />
    <IsLocalizable>false</IsLocalizable>
    <Category>
      <Id>201F370CA5164F76ADDD8EEEFF666AF7</Id>
      <AutomaticallyPopulate>true</AutomaticallyPopulate>
      <Name>Default Category</Name>
    </Category>
    <LastModifiedDateTime>2020-11-26T16:25:01.687</LastModifiedDateTime>
    <IsSecure>false</IsSecure>
  </SessionVariable>
  <SessionVariable>
    <Identity>
      <Name>EPC</Name>
      <Id>5E0F01E4914A48D08009FFC40C130EFF</Id>
      <AutomaticallyPopulate>true</AutomaticallyPopulate>
    </Identity>
    <Description>The EPC.</Description>
    <Value />
    <IsLocalizable>false</IsLocalizable>
    <Category>
      <Id>201F370CA5164F76ADDD8EEEFF666AF7</Id>
      <AutomaticallyPopulate>true</AutomaticallyPopulate>
      <Name>Default Category</Name>
    </Category>
    <LastModifiedDateTime>2020-11-26T16:25:01.687</LastModifiedDateTime>
    <IsSecure>false</IsSecure>
  </SessionVariable>
  <SessionVariable>
    <Identity>
      <Name>JOB_ID</Name>
      <Id>8A1DD88A21124A98A51B5679DE7FDCB4</Id>
      <AutomaticallyPopulate>true</AutomaticallyPopulate>
    </Identity>
    <Description>The Job ID.</Description>
    <Value />
    <IsLocalizable>false</IsLocalizable>
    <Category>
      <Id>201F370CA5164F76ADDD8EEEFF666AF7</Id>
      <AutomaticallyPopulate>true</AutomaticallyPopulate>
      <Name>Default Category</Name>
    </Category>
    <LastModifiedDateTime>2020-11-26T16:25:01.687</LastModifiedDateTime>
    <IsSecure>false</IsSecure>
  </SessionVariable>
  <SessionVariable>
    <Identity>
      <Name>NODE_ID</Name>
      <Id>AFBE96EA665E4F16A2FDA88044A23D0A</Id>
      <AutomaticallyPopulate>true</AutomaticallyPopulate>
    </Identity>
    <Description>The Node ID.</Description>
    <Value />
    <IsLocalizable>false</IsLocalizable>
    <Category>
      <Id>201F370CA5164F76ADDD8EEEFF666AF7</Id>
      <AutomaticallyPopulate>true</AutomaticallyPopulate>
      <Name>Default Category</Name>
    </Category>
    <LastModifiedDateTime>2020-11-26T16:25:01.687</LastModifiedDateTime>
    <IsSecure>false</IsSecure>
  </SessionVariable>
</ArrayOfSessionVariable>