<?xml version="1.0" encoding="utf-16"?>
<ArrayOfVariable xmlns:xsd="http://www.w3.org/2001/XMLSchema" xmlns:xsi="http://www.w3.org/2001/XMLSchema-instance">
  <Variable>
    <VariableType>System</VariableType>
    <Value xsi:type="xsd:string" />
    <Identity>
      <Id>SPP_SYSTEM_SESSION_ID</Id>
      <Version>0</Version>
      <DisplayName>SPP_SYSTEM_SESSION_ID</DisplayName>
    </Identity>
    <Dynamic>true</Dynamic>
    <Category>
      <Id>FBCB88103B4D414FAE8E38058F46CCF4</Id>
      <AutomaticallyPopulate>true</AutomaticallyPopulate>
      <Name />
    </Category>
    <Grouping>
      <Identity>
        <Id>4FEE4E069417475DAC5D2C2E5C95CA49</Id>
      </Identity>
      <Variables />
    </Grouping>
    <UseInSkin>false</UseInSkin>
    <Found>false</Found>
    <IsSecure>false</IsSecure>
    <VariableScope>Process</VariableScope>
    <IsDateExpression>false</IsDateExpression>
  </Variable>
  <Variable>
    <VariableType>String</VariableType>
    <Value xsi:type="xsd:string">C:\temp\SampleFiles\Input\</Value>
    <Identity>
      <Id>FILEUPLOADDIRECTORY</Id>
      <Version>0</Version>
      <DisplayName>FileUploadDirectory</DisplayName>
    </Identity>
    <Dynamic>false</Dynamic>
    <Category>
      <Id>84E1A54FEF354E50879590D504A7A2EA</Id>
      <AutomaticallyPopulate>true</AutomaticallyPopulate>
      <Name />
    </Category>
    <Grouping>
      <Identity>
        <Id>4FEE4E069417475DAC5D2C2E5C95CA49</Id>
      </Identity>
      <Variables />
    </Grouping>
    <UseInSkin>false</UseInSkin>
    <Found>false</Found>
    <IsSecure>false</IsSecure>
    <VariableScope>Process</VariableScope>
    <IsDateExpression>false</IsDateExpression>
  </Variable>
  <Variable>
    <VariableType>String</VariableType>
    <Value xsi:type="xsd:string">Nc907wcF0h6DSJ8qqPdVO1485iIhdz8O9LpAJDGO</Value>
    <Identity>
      <Id>RESISTANT_AUTHNKEY</Id>
      <Version>0</Version>
      <DisplayName>Authorization Key</DisplayName>
    </Identity>
    <Dynamic>false</Dynamic>
    <Category>
      <Id>84E1A54FEF354E50879590D504A7A2EA</Id>
      <AutomaticallyPopulate>true</AutomaticallyPopulate>
      <Name />
    </Category>
    <Grouping>
      <Identity>
        <Id>4FEE4E069417475DAC5D2C2E5C95CA49</Id>
      </Identity>
      <Variables />
    </Grouping>
    <UseInSkin>false</UseInSkin>
    <Found>false</Found>
    <IsSecure>false</IsSecure>
    <VariableScope>Process</VariableScope>
    <IsDateExpression>false</IsDateExpression>
  </Variable>
  <Variable>
    <VariableType>String</VariableType>
    <Value xsi:type="xsd:string">https://56er5r7b48.execute-api.ap-southeast-2.amazonaws.com/prod/v1/pdf/submit</Value>
    <Identity>
      <Id>RESISTANT_GETUPLOADURL</Id>
      <Version>0</Version>
      <DisplayName>GetUploadURL</DisplayName>
    </Identity>
    <Dynamic>false</Dynamic>
    <Category>
      <Id>84E1A54FEF354E50879590D504A7A2EA</Id>
      <AutomaticallyPopulate>true</AutomaticallyPopulate>
      <Name />
    </Category>
    <Grouping>
      <Identity>
        <Id>4FEE4E069417475DAC5D2C2E5C95CA49</Id>
      </Identity>
      <Variables />
    </Grouping>
    <UseInSkin>false</UseInSkin>
    <Found>false</Found>
    <IsSecure>false</IsSecure>
    <VariableScope>Process</VariableScope>
    <IsDateExpression>false</IsDateExpression>
  </Variable>
  <Variable>
    <VariableType>String</VariableType>
    <Value xsi:type="xsd:string">https://56er5r7b48.execute-api.ap-southeast-2.amazonaws.com/prod/v1/pdf/results/</Value>
    <Identity>
      <Id>RESISTANT_GETANALYSISURL</Id>
      <Version>0</Version>
      <DisplayName>Get Analysis URL</DisplayName>
    </Identity>
    <Dynamic>false</Dynamic>
    <Category>
      <Id>84E1A54FEF354E50879590D504A7A2EA</Id>
      <AutomaticallyPopulate>true</AutomaticallyPopulate>
      <Name />
    </Category>
    <Grouping>
      <Identity>
        <Id>4FEE4E069417475DAC5D2C2E5C95CA49</Id>
      </Identity>
      <Variables />
    </Grouping>
    <UseInSkin>false</UseInSkin>
    <Found>false</Found>
    <IsSecure>false</IsSecure>
    <VariableScope>Process</VariableScope>
    <IsDateExpression>false</IsDateExpression>
  </Variable>
  <Variable>
    <VariableType>String</VariableType>
    <Value xsi:type="xsd:string">https://pdf.testing.resistant.ai/review-kofax/result/</Value>
    <Identity>
      <Id>DOCUMENTVIEWERURL</Id>
      <Version>0</Version>
      <DisplayName>Document Viewer URL</DisplayName>
    </Identity>
    <Dynamic>false</Dynamic>
    <Category>
      <Id>84E1A54FEF354E50879590D504A7A2EA</Id>
      <AutomaticallyPopulate>true</AutomaticallyPopulate>
      <Name />
    </Category>
    <Grouping>
      <Identity>
        <Id>4FEE4E069417475DAC5D2C2E5C95CA49</Id>
      </Identity>
      <Variables />
    </Grouping>
    <UseInSkin>false</UseInSkin>
    <Found>false</Found>
    <IsSecure>false</IsSecure>
    <VariableScope>Process</VariableScope>
    <IsDateExpression>false</IsDateExpression>
  </Variable>
</ArrayOfVariable>