<?xml version="1.0" encoding="utf-16"?>
<ArrayOfVariable xmlns:xsd="http://www.w3.org/2001/XMLSchema" xmlns:xsi="http://www.w3.org/2001/XMLSchema-instance">
  <Variable>
    <VariableType>System</VariableType>
    <Value xsi:type="xsd:string" />
    <Identity>
      <Id>SPP_SYSTEM_SESSION_ID</Id>
      <Version>0</Version>
      <DisplayName>SPP_SYSTEM_SESSION_ID</DisplayName>
    </Identity>
    <Dynamic>true</Dynamic>
    <Category>
      <Id>FBCB88103B4D414FAE8E38058F46CCF4</Id>
      <AutomaticallyPopulate>true</AutomaticallyPopulate>
      <Name />
    </Category>
    <Grouping>
      <Identity>
        <Id>4FEE4E069417475DAC5D2C2E5C95CA49</Id>
      </Identity>
      <Variables />
    </Grouping>
    <UseInSkin>false</UseInSkin>
    <Found>false</Found>
    <IsSecure>false</IsSecure>
    <VariableScope>Process</VariableScope>
    <IsDateExpression>false</IsDateExpression>
    <VariableDisplayProperties>
      <VariableIdentity>
        <Version>0</Version>
      </VariableIdentity>
      <StringVariableDisplayProperties>
        <VariableControlType>Singleline</VariableControlType>
        <MaxNumberOfCharacters>0</MaxNumberOfCharacters>
        <LookupIdentity />
        <StaticData />
        <Mandatory>false</Mandatory>
      </StringVariableDisplayProperties>
      <MinDate xsi:nil="true" />
      <MaxDate xsi:nil="true" />
      <DecimalPrecision>0</DecimalPrecision>
    </VariableDisplayProperties>
  </Variable>
  <Variable>
    <VariableType>String</VariableType>
    <Value xsi:type="xsd:string">90FI76e4R585CqHM2Lnot9vIuTVpp1NcadqBvhjQ</Value>
    <Identity>
      <Id>RESISTANT_AUTHNKEY</Id>
      <Version>0</Version>
      <DisplayName>Authorization Key</DisplayName>
    </Identity>
    <Dynamic>false</Dynamic>
    <Category>
      <Id>3F152E290EE84D9FBE81FF86CEF87BAF</Id>
      <AutomaticallyPopulate>true</AutomaticallyPopulate>
      <Name />
    </Category>
    <Grouping>
      <Identity>
        <Id>4FEE4E069417475DAC5D2C2E5C95CA49</Id>
      </Identity>
      <Variables />
    </Grouping>
    <UseInSkin>false</UseInSkin>
    <Found>false</Found>
    <IsSecure>false</IsSecure>
    <VariableScope>Process</VariableScope>
    <IsDateExpression>false</IsDateExpression>
    <VariableDisplayProperties>
      <VariableIdentity>
        <Version>0</Version>
      </VariableIdentity>
      <StringVariableDisplayProperties>
        <VariableControlType>Singleline</VariableControlType>
        <MaxNumberOfCharacters>0</MaxNumberOfCharacters>
        <LookupIdentity />
        <StaticData />
        <Mandatory>false</Mandatory>
      </StringVariableDisplayProperties>
      <MinDate xsi:nil="true" />
      <MaxDate xsi:nil="true" />
      <DecimalPrecision>0</DecimalPrecision>
    </VariableDisplayProperties>
  </Variable>
  <Variable>
    <VariableType>String</VariableType>
    <Value xsi:type="xsd:string">https://56er5r7b48.execute-api.ap-southeast-2.amazonaws.com/prod/v1/pdf/submit</Value>
    <Identity>
      <Id>RESISTANT_GETUPLOADURL</Id>
      <Version>0</Version>
      <DisplayName>GetUploadURL</DisplayName>
    </Identity>
    <Dynamic>false</Dynamic>
    <Category>
      <Id>3F152E290EE84D9FBE81FF86CEF87BAF</Id>
      <AutomaticallyPopulate>true</AutomaticallyPopulate>
      <Name />
    </Category>
    <Grouping>
      <Identity>
        <Id>4FEE4E069417475DAC5D2C2E5C95CA49</Id>
      </Identity>
      <Variables />
    </Grouping>
    <UseInSkin>false</UseInSkin>
    <Found>false</Found>
    <IsSecure>false</IsSecure>
    <VariableScope>Process</VariableScope>
    <IsDateExpression>false</IsDateExpression>
    <VariableDisplayProperties>
      <VariableIdentity>
        <Version>0</Version>
      </VariableIdentity>
      <StringVariableDisplayProperties>
        <VariableControlType>Singleline</VariableControlType>
        <MaxNumberOfCharacters>0</MaxNumberOfCharacters>
        <LookupIdentity />
        <StaticData />
        <Mandatory>false</Mandatory>
      </StringVariableDisplayProperties>
      <MinDate xsi:nil="true" />
      <MaxDate xsi:nil="true" />
      <DecimalPrecision>0</DecimalPrecision>
    </VariableDisplayProperties>
  </Variable>
  <Variable>
    <VariableType>String</VariableType>
    <Value xsi:type="xsd:string">https://pdf.testing.resistant.ai/review-kofax/result/</Value>
    <Identity>
      <Id>DOCUMENTVIEWERURL</Id>
      <Version>0</Version>
      <DisplayName>Document Viewer URL</DisplayName>
    </Identity>
    <Dynamic>false</Dynamic>
    <Category>
      <Id>3F152E290EE84D9FBE81FF86CEF87BAF</Id>
      <AutomaticallyPopulate>true</AutomaticallyPopulate>
      <Name />
    </Category>
    <Grouping>
      <Identity>
        <Id>4FEE4E069417475DAC5D2C2E5C95CA49</Id>
      </Identity>
      <Variables />
    </Grouping>
    <UseInSkin>false</UseInSkin>
    <Found>false</Found>
    <IsSecure>false</IsSecure>
    <VariableScope>Process</VariableScope>
    <IsDateExpression>false</IsDateExpression>
    <VariableDisplayProperties>
      <VariableIdentity>
        <Version>0</Version>
      </VariableIdentity>
      <StringVariableDisplayProperties>
        <VariableControlType>Singleline</VariableControlType>
        <MaxNumberOfCharacters>0</MaxNumberOfCharacters>
        <LookupIdentity />
        <StaticData />
        <Mandatory>false</Mandatory>
      </StringVariableDisplayProperties>
      <MinDate xsi:nil="true" />
      <MaxDate xsi:nil="true" />
      <DecimalPrecision>0</DecimalPrecision>
    </VariableDisplayProperties>
  </Variable>
  <Variable>
    <VariableType>String</VariableType>
    <Value xsi:type="xsd:string">https://demo1-dev.dmoeukta.dev.kofaxcloud.com/Services/Sdk</Value>
    <Identity>
      <Id>KTASERVICEURI</Id>
      <Version>0</Version>
      <DisplayName>KTAServiceUri</DisplayName>
    </Identity>
    <Dynamic>false</Dynamic>
    <Category>
      <Id>3F152E290EE84D9FBE81FF86CEF87BAF</Id>
      <AutomaticallyPopulate>true</AutomaticallyPopulate>
      <Name />
    </Category>
    <Grouping>
      <Identity>
        <Id>4FEE4E069417475DAC5D2C2E5C95CA49</Id>
      </Identity>
      <Variables />
    </Grouping>
    <UseInSkin>false</UseInSkin>
    <Found>false</Found>
    <IsSecure>false</IsSecure>
    <VariableScope>Process</VariableScope>
    <IsDateExpression>false</IsDateExpression>
    <VariableDisplayProperties>
      <VariableIdentity>
        <Version>0</Version>
      </VariableIdentity>
      <StringVariableDisplayProperties>
        <VariableControlType>Singleline</VariableControlType>
        <MaxNumberOfCharacters>0</MaxNumberOfCharacters>
        <LookupIdentity />
        <StaticData />
        <Mandatory>false</Mandatory>
      </StringVariableDisplayProperties>
      <MinDate xsi:nil="true" />
      <MaxDate xsi:nil="true" />
      <DecimalPrecision>0</DecimalPrecision>
    </VariableDisplayProperties>
  </Variable>
</ArrayOfVariable>