<?xml version="1.0" encoding="utf-16"?>
<Query xmlns:xsd="http://www.w3.org/2001/XMLSchema" xmlns:xsi="http://www.w3.org/2001/XMLSchema-instance">
  <Identity>
    <Id>C1FC76502B7C452E0AF0DB4092CED338</Id>
    <Name>Resistant MailBox</Name>
    <QueryType>All</QueryType>
  </Identity>
  <QueryInfo>
    <Identity>
      <Id>C1FC76502B7C452E0AF0DB4092CED338</Id>
      <Name>Resistant MailBox</Name>
      <QueryType>All</QueryType>
    </Identity>
    <QueryType>WorkQueue</QueryType>
  </QueryInfo>
  <QueryType>WorkQueue</QueryType>
  <Category>
    <Id>EE3E6CC9049D4EE0BCD444A26C1EF452</Id>
    <AutomaticallyPopulate>true</AutomaticallyPopulate>
    <Name>Resistant AI</Name>
  </Category>
  <Owner>
    <Id>8E70664E4C174927AB46D67E1A762508</Id>
    <AutomaticallyPopulate>true</AutomaticallyPopulate>
    <Name />
    <ResourceType>Worker</ResourceType>
    <EmailAddress />
    <UserId />
    <ManagerialLevel>0</ManagerialLevel>
  </Owner>
  <Data>
    <Columns>
      <string>ActivitySlaStatus</string>
      <string>Actions</string>
      <string>WRESULT</string>
      <string>WFILENAME</string>
      <string>NodeName</string>
      <string>ProcessName</string>
      <string>Priority</string>
      <string>ResourceName</string>
      <string>DueDate</string>
    </Columns>
    <WorkQueueFilter>
      <AssociatedGroups />
      <MaxActivitiesCount>100</MaxActivitiesCount>
      <ReturnJobRag>false</ReturnJobRag>
      <UseMachineName>true</UseMachineName>
      <UseJobRagStatus>false</UseJobRagStatus>
      <JobRagStatus>SlaStatus1</JobRagStatus>
      <UseActivityRagStatus>false</UseActivityRagStatus>
      <ActivityRagStatus>SlaStatus1</ActivityRagStatus>
      <UseJobState>false</UseJobState>
      <ReturnActivityRag>false</ReturnActivityRag>
      <MaximumWorkQueueDefinitionFieldCount>0</MaximumWorkQueueDefinitionFieldCount>
      <ExtendedWorkQueueAsStandard>false</ExtendedWorkQueueAsStandard>
      <PageDirection>Next</PageDirection>
      <ReturnJobIds>false</ReturnJobIds>
      <ReturnCustomData>false</ReturnCustomData>
      <ReturnAdditionalInformation>false</ReturnAdditionalInformation>
      <ReturnStatus>false</ReturnStatus>
      <ReturnActivityExpectedDuration>false</ReturnActivityExpectedDuration>
      <GetEmbeddedJobs>false</GetEmbeddedJobs>
      <UseResourceId>false</UseResourceId>
      <UseCategory>false</UseCategory>
      <Category>
        <Id />
        <AutomaticallyPopulate>true</AutomaticallyPopulate>
        <Name />
      </Category>
      <ResourceId>
        <Id />
        <AutomaticallyPopulate>true</AutomaticallyPopulate>
        <Name />
        <ResourceType>Worker</ResourceType>
        <EmailAddress />
        <UserId />
        <ManagerialLevel>0</ManagerialLevel>
      </ResourceId>
      <ActivityTypeFilters>None</ActivityTypeFilters>
      <FieldFilter>
        <FilterOperator>And</FilterOperator>
        <Filter />
      </FieldFilter>
      <UseSkillUsage>false</UseSkillUsage>
      <UseLoanResource>false</UseLoanResource>
      <LoanResource>
        <Id />
        <AutomaticallyPopulate>true</AutomaticallyPopulate>
        <Name />
        <ResourceType>Worker</ResourceType>
        <EmailAddress />
        <UserId />
        <ManagerialLevel>0</ManagerialLevel>
      </LoanResource>
      <UseCombinedWorkQueue>false</UseCombinedWorkQueue>
      <GetIndividualWorkQueue>false</GetIndividualWorkQueue>
      <WorkQueueDefinition>
        <Identity>
          <Id>1EB290C9A8FB4C1ABCEA7DCC951FFD90</Id>
          <AutomaticallyPopulate>true</AutomaticallyPopulate>
          <Name>ResistantWorkFLowColumns</Name>
          <LastModifiedOn>0001-01-01T00:00:00</LastModifiedOn>
        </Identity>
        <Id>1EB290C9A8FB4C1ABCEA7DCC951FFD90</Id>
        <Name>ResistantWorkFLowColumns</Name>
        <CategoryIdentity>
          <Id>3F152E290EE84D9FBE81FF86CEF87BAF</Id>
          <AutomaticallyPopulate>true</AutomaticallyPopulate>
          <Name />
        </CategoryIdentity>
        <Fields>
          <WorkQueueDefinitionField>
            <Name>WRESULT</Name>
            <Position>1</Position>
            <DisplayName>Result</DisplayName>
            <FieldType>String</FieldType>
            <DefaultValue xsi:type="xsd:string" />
            <Scope>0</Scope>
          </WorkQueueDefinitionField>
          <WorkQueueDefinitionField>
            <Name>WFILENAME</Name>
            <Position>2</Position>
            <DisplayName>Doc Name</DisplayName>
            <FieldType>String</FieldType>
            <DefaultValue xsi:type="xsd:string" />
            <Scope>0</Scope>
          </WorkQueueDefinitionField>
        </Fields>
        <Metadata />
        <LastModifiedOn>2021-08-27T06:10:36.883</LastModifiedOn>
      </WorkQueueDefinition>
      <ReturnResourceProcessSkill>false</ReturnResourceProcessSkill>
      <GetWorkQueueDefinitionWorkloads>false</GetWorkQueueDefinitionWorkloads>
      <UseStartDate>false</UseStartDate>
      <StartDateTime xsi:nil="true" />
      <UseEndDate>false</UseEndDate>
      <EndDateTime xsi:nil="true" />
      <ReturnActivitiesByRagCount>false</ReturnActivitiesByRagCount>
      <UsePrioritySetting>NotUsingPriority</UsePrioritySetting>
      <ActivityStatus>Pending</ActivityStatus>
      <UseActivityName>false</UseActivityName>
      <ActivityName />
      <Priority>-1</Priority>
      <SortOrder />
      <UseStartPendingTime>false</UseStartPendingTime>
      <StartPendingTime xsi:nil="true" />
      <ReturnPendingTime>false</ReturnPendingTime>
      <GetWorkloadData>false</GetWorkloadData>
      <ReturnScore>false</ReturnScore>
      <ScoreFilter>
        <ScoreOperator>And</ScoreOperator>
        <Filter />
      </ScoreFilter>
      <UseScoreFilter>false</UseScoreFilter>
      <StatusFilter>Pending Saved</StatusFilter>
      <UseProcessDetails>false</UseProcessDetails>
      <ProcessVersion>0</ProcessVersion>
      <UseNodeName>false</UseNodeName>
      <NodeName />
      <JobIdsFilter />
      <CaseTasksOnly>false</CaseTasksOnly>
      <Process>
        <Id>43DC45E162A4213C095229B99FBA31EA</Id>
        <AutomaticallyPopulate>true</AutomaticallyPopulate>
        <Version>23</Version>
        <Name>ResistantAIDemo</Name>
      </Process>
      <Case>
        <AutomaticallyPopulate>true</AutomaticallyPopulate>
        <CaseReference />
        <CaseId />
        <Version>0</Version>
        <BusinessProcessSettingsXmlString />
      </Case>
      <Grouping>IndividualOnly</Grouping>
      <PopulateActivities>false</PopulateActivities>
      <GetAdditionalData>false</GetAdditionalData>
      <NodeId>0</NodeId>
      <AssignedResourceFilter>ResourceAndGroups</AssignedResourceFilter>
      <DueDateFilterType>All</DueDateFilterType>
      <PendingTimeFilter>All</PendingTimeFilter>
      <UseActivityDesignType>false</UseActivityDesignType>
      <ActivityDesignType>None</ActivityDesignType>
      <CustomServiceGroupDesignTimeType>0</CustomServiceGroupDesignTimeType>
      <MachineName>All</MachineName>
      <PriorityType>Activity</PriorityType>
      <DueDateType>Activity</DueDateType>
      <GetWorkQueue>false</GetWorkQueue>
      <MFPFilterCriteria>ExcludeMFPOnly</MFPFilterCriteria>
      <GetQueryActivitiesCount>false</GetQueryActivitiesCount>
      <ReturnOnlyAutomatic>false</ReturnOnlyAutomatic>
      <IsAnAutomaticDesignNodeType>false</IsAnAutomaticDesignNodeType>
      <SortOptions>
        <ActivitySortOptions>
          <ActivityField>
            <FieldType>ActivityDueDateField</FieldType>
            <MetaDataFieldName />
          </ActivityField>
          <SortOrder>Descending</SortOrder>
        </ActivitySortOptions>
        <ActivitySortOptions>
          <ActivityField>
            <FieldType>ActivityPriorityField</FieldType>
            <MetaDataFieldName />
          </ActivityField>
          <SortOrder>Ascending</SortOrder>
        </ActivitySortOptions>
        <ActivitySortOptions>
          <ActivityField>
            <FieldType>PendingTime</FieldType>
            <MetaDataFieldName />
          </ActivityField>
          <SortOrder>Ascending</SortOrder>
        </ActivitySortOptions>
      </SortOptions>
      <IsSystemQuery>false</IsSystemQuery>
      <CompletedWork>false</CompletedWork>
      <CompletedResourceFilter>Resource</CompletedResourceFilter>
      <CompletedDateFilterType>All</CompletedDateFilterType>
      <Job>
        <Id />
        <SubJobId />
        <EmbeddedProcessCount>0</EmbeddedProcessCount>
      </Job>
      <StartDueDateTimeExpression />
      <EndDueDateTimeExpression />
      <TimePending>
        <Days>0</Days>
        <Hours>0</Hours>
        <Minutes>0</Minutes>
        <Seconds>0</Seconds>
        <UseNegative>false</UseNegative>
        <Negative>false</Negative>
        <ShowSeconds>true</ShowSeconds>
        <DurationType>Time</DurationType>
      </TimePending>
      <TimeSpent>
        <Days>0</Days>
        <Hours>0</Hours>
        <Minutes>0</Minutes>
        <Seconds>0</Seconds>
        <UseNegative>false</UseNegative>
        <Negative>false</Negative>
        <ShowSeconds>true</ShowSeconds>
        <DurationType>Time</DurationType>
      </TimeSpent>
      <TimePendingFilterOperator>LessThan</TimePendingFilterOperator>
      <TimeSpentFilterOperator>LessThan</TimeSpentFilterOperator>
    </WorkQueueFilter>
    <ReturnQueryTotal>true</ReturnQueryTotal>
    <UseActivitySLABarImage>true</UseActivitySLABarImage>
    <UseJobSLABarImage>false</UseJobSLABarImage>
    <ColumnsSettings>
      <QueryColumn>
        <Width>70</Width>
        <Name>ActivitySlaStatus</Name>
        <DateFormat>Date</DateFormat>
      </QueryColumn>
      <QueryColumn>
        <Width>140</Width>
        <Name>Actions</Name>
        <DateFormat>Date</DateFormat>
      </QueryColumn>
      <QueryColumn>
        <Width>100</Width>
        <Name>WRESULT</Name>
        <DateFormat>Date</DateFormat>
      </QueryColumn>
      <QueryColumn>
        <Width>100</Width>
        <Name>WFILENAME</Name>
        <DateFormat>Date</DateFormat>
      </QueryColumn>
      <QueryColumn>
        <Width>280</Width>
        <Name>NodeName</Name>
        <DateFormat>Date</DateFormat>
      </QueryColumn>
      <QueryColumn>
        <Width>280</Width>
        <Name>ProcessName</Name>
        <DateFormat>Date</DateFormat>
      </QueryColumn>
      <QueryColumn>
        <Width>70</Width>
        <Name>Priority</Name>
        <DateFormat>Date</DateFormat>
      </QueryColumn>
      <QueryColumn>
        <Width>280</Width>
        <Name>ResourceName</Name>
        <DateFormat>Date</DateFormat>
      </QueryColumn>
      <QueryColumn>
        <Width>280</Width>
        <Name>DueDate</Name>
        <DateFormat>DateAndTime</DateFormat>
      </QueryColumn>
      <QueryColumn>
        <Width>200</Width>
        <Name>JobId</Name>
        <DateFormat>Date</DateFormat>
      </QueryColumn>
      <QueryColumn>
        <Width>50</Width>
        <Name>Version</Name>
        <DateFormat>Date</DateFormat>
      </QueryColumn>
      <QueryColumn>
        <Width>70</Width>
        <Name>JobSlaStatus</Name>
        <DateFormat>Date</DateFormat>
      </QueryColumn>
      <QueryColumn>
        <Width>200</Width>
        <Name>JobState</Name>
        <DateFormat>Date</DateFormat>
      </QueryColumn>
      <QueryColumn>
        <Width>300</Width>
        <Name>CustomData</Name>
        <DateFormat>Date</DateFormat>
      </QueryColumn>
      <QueryColumn>
        <Width>300</Width>
        <Name>HelpText</Name>
        <DateFormat>Date</DateFormat>
      </QueryColumn>
      <QueryColumn>
        <Width>200</Width>
        <Name>CaseReference</Name>
        <DateFormat>Date</DateFormat>
      </QueryColumn>
      <QueryColumn>
        <Width>280</Width>
        <Name>PendingTime</Name>
        <DateFormat>DateAndTime</DateFormat>
      </QueryColumn>
    </ColumnsSettings>
  </Data>
  <SharedResources />
  <LastModifiedBy>
    <Id>2C90EEF0FEC5474AA18CFC3B931EDF1B</Id>
    <AutomaticallyPopulate>true</AutomaticallyPopulate>
    <ResourceType>Worker</ResourceType>
    <EmailAddress />
    <UserId />
    <ManagerialLevel>0</ManagerialLevel>
  </LastModifiedBy>
  <LastModifiedDate>2021-09-21T19:42:34.027</LastModifiedDate>
  <ResourcePermissions>
    <ResourcePermission>
      <ResourceIdentity>
        <Id>2C90EEF0FEC5474AA18CFC3B931EDF1B</Id>
        <AutomaticallyPopulate>true</AutomaticallyPopulate>
        <Name>Tom Coppock</Name>
        <ResourceType>Worker</ResourceType>
        <EmailAddress />
        <UserId />
        <ManagerialLevel>0</ManagerialLevel>
      </ResourceIdentity>
      <PermissionType>FullControl</PermissionType>
    </ResourcePermission>
    <ResourcePermission>
      <ResourceIdentity>
        <Id>9B984CDAB78840AFAB5473929DE58918</Id>
        <AutomaticallyPopulate>true</AutomaticallyPopulate>
        <Name>Sales Engineers</Name>
        <ResourceType>GroupOfWorkers</ResourceType>
        <EmailAddress />
        <UserId />
        <ManagerialLevel>0</ManagerialLevel>
      </ResourceIdentity>
      <PermissionType>ReadOnly</PermissionType>
    </ResourcePermission>
    <ResourcePermission>
      <ResourceIdentity>
        <Id>E5814EDC4E704504933DE9B876DEE5D8</Id>
        <AutomaticallyPopulate>true</AutomaticallyPopulate>
        <Name>SE Administrators</Name>
        <ResourceType>GroupOfWorkers</ResourceType>
        <EmailAddress />
        <UserId />
        <ManagerialLevel>0</ManagerialLevel>
      </ResourceIdentity>
      <PermissionType>FullControl</PermissionType>
    </ResourcePermission>
  </ResourcePermissions>
  <ResourcePermissionType>FullControl</ResourcePermissionType>
</Query>