<?xml version="1.0" encoding="utf-16"?>
<ArrayOfWebService xmlns:xsd="http://www.w3.org/2001/XMLSchema" xmlns:xsi="http://www.w3.org/2001/XMLSchema-instance">
  <WebService>
    <WebServiceIdentity>
      <Id>5A411766742C4232B5C3D20D23A5109B</Id>
      <AutomaticallyPopulate>true</AutomaticallyPopulate>
      <Name>ResistantAPI_GetResult</Name>
      <LatestProxyDllName />
    </WebServiceIdentity>
    <CategoryIdentity>
      <Id>EE3E6CC9049D4EE0BCD444A26C1EF452</Id>
      <AutomaticallyPopulate>true</AutomaticallyPopulate>
      <Name />
    </CategoryIdentity>
    <ProxyDllName />
    <WebServiceSettings>&lt;WebServiceSettingsEntity xmlns:xsd="http://www.w3.org/2001/XMLSchema" xmlns:xsi="http://www.w3.org/2001/XMLSchema-instance"&gt;&lt;UserName /&gt;&lt;Password /&gt;&lt;WcfEnabled&gt;false&lt;/WcfEnabled&gt;&lt;RestfulWebService&gt;true&lt;/RestfulWebService&gt;&lt;EndPointUrl /&gt;&lt;HttpHeaders&gt;&lt;HttpHeader&gt;&lt;Name&gt;Authorization&lt;/Name&gt;&lt;Value&gt;90FI76e4R585CqHM2Lnot9vIuTVpp1NcadqBvhjQ&lt;/Value&gt;&lt;/HttpHeader&gt;&lt;/HttpHeaders&gt;&lt;OpenAPIEnabled&gt;false&lt;/OpenAPIEnabled&gt;&lt;/WebServiceSettingsEntity&gt;</WebServiceSettings>
    <LastModifiedDate>0001-01-01T00:00:00</LastModifiedDate>
    <OverwriteExisting>false</OverwriteExisting>
    <WebServiceSettingsEntity>
      <UserName />
      <Password />
      <WcfEnabled>false</WcfEnabled>
      <RestfulWebService>true</RestfulWebService>
      <EndPointUrl />
      <HttpHeaders>
        <HttpHeader>
          <Name>Authorization</Name>
          <Value>90FI76e4R585CqHM2Lnot9vIuTVpp1NcadqBvhjQ</Value>
        </HttpHeader>
      </HttpHeaders>
      <OpenAPIEnabled>false</OpenAPIEnabled>
    </WebServiceSettingsEntity>
    <ServiceUrl>https://56er5r7b48.execute-api.ap-southeast-2.amazonaws.com/prod/v1/pdf/results/</ServiceUrl>
  </WebService>
</ArrayOfWebService>