<?xml version="1.0" encoding="utf-16"?>
<ArrayOfCategory xmlns:xsd="http://www.w3.org/2001/XMLSchema" xmlns:xsi="http://www.w3.org/2001/XMLSchema-instance">
  <Category>
    <Identity>
      <Id>93AB955FF7EE48B0A8B9D01D1BC6C513</Id>
      <AutomaticallyPopulate>true</AutomaticallyPopulate>
      <Name>Integration Demonstrations</Name>
    </Identity>
    <Description>Integration Demonstrations</Description>
    <ResourceAccessList>
      <ResourceAccess>
        <ResourceIdentity>
          <Id>9B984CDAB78840AFAB5473929DE58918</Id>
          <AutomaticallyPopulate>true</AutomaticallyPopulate>
          <Name>Sales Engineers</Name>
          <ResourceType>GroupOfWorkers</ResourceType>
          <EmailAddress />
          <UserId />
          <ManagerialLevel>0</ManagerialLevel>
        </ResourceIdentity>
        <AccessType>MaintenanceAccess</AccessType>
        <PermissionType>FullControl</PermissionType>
      </ResourceAccess>
      <ResourceAccess>
        <ResourceIdentity>
          <Id>B4A869511C7A209C250569A39B1EA91B</Id>
          <AutomaticallyPopulate>true</AutomaticallyPopulate>
          <Name>Demo1Admin</Name>
          <ResourceType>Worker</ResourceType>
          <EmailAddress />
          <UserId />
          <ManagerialLevel>0</ManagerialLevel>
        </ResourceIdentity>
        <AccessType>MaintenanceAccess</AccessType>
        <PermissionType>FullControl</PermissionType>
      </ResourceAccess>
      <ResourceAccess>
        <ResourceIdentity>
          <Id>E5814EDC4E704504933DE9B876DEE5D8</Id>
          <AutomaticallyPopulate>true</AutomaticallyPopulate>
          <Name>SE Administrators</Name>
          <ResourceType>GroupOfWorkers</ResourceType>
          <EmailAddress />
          <UserId />
          <ManagerialLevel>0</ManagerialLevel>
        </ResourceIdentity>
        <AccessType>MaintenanceAccess</AccessType>
        <PermissionType>FullControl</PermissionType>
      </ResourceAccess>
    </ResourceAccessList>
    <ParentCategory>
      <Id>7FC533906206494EAA98B7F729B28141</Id>
      <AutomaticallyPopulate>true</AutomaticallyPopulate>
      <Name />
    </ParentCategory>
    <LastModifiedDate>2021-06-08T10:35:52.963</LastModifiedDate>
    <LastModifiedUser>FCD9C3F7F6B94BE489D9087B2F809696</LastModifiedUser>
    <LastModifiedUserName>Tom CoppockTEST</LastModifiedUserName>
  </Category>
  <Category>
    <Identity>
      <Id>EE3E6CC9049D4EE0BCD444A26C1EF452</Id>
      <AutomaticallyPopulate>true</AutomaticallyPopulate>
      <Name>Resistant AI</Name>
    </Identity>
    <Description>Resistant AI</Description>
    <ResourceAccessList>
      <ResourceAccess>
        <ResourceIdentity>
          <Id>9B984CDAB78840AFAB5473929DE58918</Id>
          <AutomaticallyPopulate>true</AutomaticallyPopulate>
          <Name>Sales Engineers</Name>
          <ResourceType>GroupOfWorkers</ResourceType>
          <EmailAddress />
          <UserId />
          <ManagerialLevel>0</ManagerialLevel>
        </ResourceIdentity>
        <AccessType>MaintenanceAccess</AccessType>
        <PermissionType>FullControl</PermissionType>
      </ResourceAccess>
      <ResourceAccess>
        <ResourceIdentity>
          <Id>B4A869511C7A209C250569A39B1EA91B</Id>
          <AutomaticallyPopulate>true</AutomaticallyPopulate>
          <Name>Demo1Admin</Name>
          <ResourceType>Worker</ResourceType>
          <EmailAddress />
          <UserId />
          <ManagerialLevel>0</ManagerialLevel>
        </ResourceIdentity>
        <AccessType>MaintenanceAccess</AccessType>
        <PermissionType>FullControl</PermissionType>
      </ResourceAccess>
      <ResourceAccess>
        <ResourceIdentity>
          <Id>E5814EDC4E704504933DE9B876DEE5D8</Id>
          <AutomaticallyPopulate>true</AutomaticallyPopulate>
          <Name>SE Administrators</Name>
          <ResourceType>GroupOfWorkers</ResourceType>
          <EmailAddress />
          <UserId />
          <ManagerialLevel>0</ManagerialLevel>
        </ResourceIdentity>
        <AccessType>MaintenanceAccess</AccessType>
        <PermissionType>FullControl</PermissionType>
      </ResourceAccess>
    </ResourceAccessList>
    <ParentCategory>
      <Id>93AB955FF7EE48B0A8B9D01D1BC6C513</Id>
      <AutomaticallyPopulate>true</AutomaticallyPopulate>
      <Name />
    </ParentCategory>
    <LastModifiedDate>2021-08-27T16:25:07.783</LastModifiedDate>
    <LastModifiedUser>2C90EEF0FEC5474AA18CFC3B931EDF1B</LastModifiedUser>
    <LastModifiedUserName>Tom Coppock</LastModifiedUserName>
  </Category>
</ArrayOfCategory>