<?xml version="1.0" encoding="utf-16"?>
<ArrayOfCategory xmlns:xsd="http://www.w3.org/2001/XMLSchema" xmlns:xsi="http://www.w3.org/2001/XMLSchema-instance">
  <Category>
    <Identity>
      <Id>3F152E290EE84D9FBE81FF86CEF87BAF</Id>
      <AutomaticallyPopulate>true</AutomaticallyPopulate>
      <Name>Syed Ahmed</Name>
    </Identity>
    <Description />
    <ResourceAccessList>
      <ResourceAccess>
        <ResourceIdentity>
          <Id>B4A869511C7A209C250569A39B1EA91B</Id>
          <AutomaticallyPopulate>true</AutomaticallyPopulate>
          <Name>Demo1Admin</Name>
          <ResourceType>Worker</ResourceType>
          <EmailAddress />
          <UserId />
          <ManagerialLevel>0</ManagerialLevel>
        </ResourceIdentity>
        <AccessType>MaintenanceAccess</AccessType>
        <PermissionType>FullControl</PermissionType>
      </ResourceAccess>
      <ResourceAccess>
        <ResourceIdentity>
          <Id>B814F5FD869D4E4E82E9D74D222468FA</Id>
          <AutomaticallyPopulate>true</AutomaticallyPopulate>
          <Name>Syed Ahmed</Name>
          <ResourceType>Worker</ResourceType>
          <EmailAddress />
          <UserId />
          <ManagerialLevel>0</ManagerialLevel>
        </ResourceIdentity>
        <AccessType>MaintenanceAccess</AccessType>
        <PermissionType>FullControl</PermissionType>
      </ResourceAccess>
      <ResourceAccess>
        <ResourceIdentity>
          <Id>E5814EDC4E704504933DE9B876DEE5D8</Id>
          <AutomaticallyPopulate>true</AutomaticallyPopulate>
          <Name>SE Administrators</Name>
          <ResourceType>GroupOfWorkers</ResourceType>
          <EmailAddress />
          <UserId />
          <ManagerialLevel>0</ManagerialLevel>
        </ResourceIdentity>
        <AccessType>MaintenanceAccess</AccessType>
        <PermissionType>FullControl</PermissionType>
      </ResourceAccess>
    </ResourceAccessList>
    <ParentCategory>
      <Id>FBB39352FB024AF891E65A2FBA6F4F4E</Id>
      <AutomaticallyPopulate>true</AutomaticallyPopulate>
      <Name />
    </ParentCategory>
    <LastModifiedDate>2022-02-07T22:29:58.787</LastModifiedDate>
    <LastModifiedUser>B4A869511C7A209C250569A39B1EA91B</LastModifiedUser>
    <LastModifiedUserName>Demo1Admin</LastModifiedUserName>
  </Category>
  <Category>
    <Identity>
      <Id>93AB955FF7EE48B0A8B9D01D1BC6C513</Id>
      <AutomaticallyPopulate>true</AutomaticallyPopulate>
      <Name>Integration Demonstrations</Name>
    </Identity>
    <Description>Integration Demonstrations</Description>
    <ResourceAccessList>
      <ResourceAccess>
        <ResourceIdentity>
          <Id>9B984CDAB78840AFAB5473929DE58918</Id>
          <AutomaticallyPopulate>true</AutomaticallyPopulate>
          <Name>Sales Engineers</Name>
          <ResourceType>GroupOfWorkers</ResourceType>
          <EmailAddress />
          <UserId />
          <ManagerialLevel>0</ManagerialLevel>
        </ResourceIdentity>
        <AccessType>MaintenanceAccess</AccessType>
        <PermissionType>FullControl</PermissionType>
      </ResourceAccess>
      <ResourceAccess>
        <ResourceIdentity>
          <Id>B4A869511C7A209C250569A39B1EA91B</Id>
          <AutomaticallyPopulate>true</AutomaticallyPopulate>
          <Name>Demo1Admin</Name>
          <ResourceType>Worker</ResourceType>
          <EmailAddress />
          <UserId />
          <ManagerialLevel>0</ManagerialLevel>
        </ResourceIdentity>
        <AccessType>MaintenanceAccess</AccessType>
        <PermissionType>FullControl</PermissionType>
      </ResourceAccess>
      <ResourceAccess>
        <ResourceIdentity>
          <Id>E5814EDC4E704504933DE9B876DEE5D8</Id>
          <AutomaticallyPopulate>true</AutomaticallyPopulate>
          <Name>SE Administrators</Name>
          <ResourceType>GroupOfWorkers</ResourceType>
          <EmailAddress />
          <UserId />
          <ManagerialLevel>0</ManagerialLevel>
        </ResourceIdentity>
        <AccessType>MaintenanceAccess</AccessType>
        <PermissionType>FullControl</PermissionType>
      </ResourceAccess>
    </ResourceAccessList>
    <ParentCategory>
      <Id>7FC533906206494EAA98B7F729B28141</Id>
      <AutomaticallyPopulate>true</AutomaticallyPopulate>
      <Name />
    </ParentCategory>
    <LastModifiedDate>2021-06-08T10:35:52.963</LastModifiedDate>
    <LastModifiedUser>FCD9C3F7F6B94BE489D9087B2F809696</LastModifiedUser>
    <LastModifiedUserName>Tom CoppockTEST</LastModifiedUserName>
  </Category>
  <Category>
    <Identity>
      <Id>CB701CC0DB5E4B0FA23973BAF35AEC18</Id>
      <AutomaticallyPopulate>true</AutomaticallyPopulate>
      <Name>Resistant AI</Name>
    </Identity>
    <Description>Resistant AI</Description>
    <ResourceAccessList>
      <ResourceAccess>
        <ResourceIdentity>
          <Id>7DF43CCDF24611D2804B00104B71BD15</Id>
          <AutomaticallyPopulate>true</AutomaticallyPopulate>
          <Name>Everyone</Name>
          <ResourceType>GroupOfWorkers</ResourceType>
          <EmailAddress />
          <UserId />
          <ManagerialLevel>0</ManagerialLevel>
        </ResourceIdentity>
        <AccessType>MaintenanceAccess</AccessType>
        <PermissionType>FullControl</PermissionType>
      </ResourceAccess>
    </ResourceAccessList>
    <ParentCategory>
      <Id>C9BE865D1D244548AE0ECAD6A34C818A</Id>
      <AutomaticallyPopulate>true</AutomaticallyPopulate>
      <Name />
    </ParentCategory>
    <LastModifiedDate>2021-08-25T20:20:36.247</LastModifiedDate>
    <LastModifiedUser>2C90EEF0FEC5474AA18CFC3B931EDF1B</LastModifiedUser>
    <LastModifiedUserName>Tom Coppock</LastModifiedUserName>
  </Category>
  <Category>
    <Identity>
      <Id>E5EC21D22FE44AD0A037EF502836D380</Id>
      <AutomaticallyPopulate>true</AutomaticallyPopulate>
      <Name>D365CE Connector</Name>
    </Identity>
    <Description>D365CE Connector</Description>
    <ResourceAccessList>
      <ResourceAccess>
        <ResourceIdentity>
          <Id>7DF43CCDF24611D2804B00104B71BD15</Id>
          <AutomaticallyPopulate>true</AutomaticallyPopulate>
          <Name>Everyone</Name>
          <ResourceType>GroupOfWorkers</ResourceType>
          <EmailAddress />
          <UserId />
          <ManagerialLevel>0</ManagerialLevel>
        </ResourceIdentity>
        <AccessType>MaintenanceAccess</AccessType>
        <PermissionType>FullControl</PermissionType>
      </ResourceAccess>
    </ResourceAccessList>
    <ParentCategory>
      <Id>93AB955FF7EE48B0A8B9D01D1BC6C513</Id>
      <AutomaticallyPopulate>true</AutomaticallyPopulate>
      <Name />
    </ParentCategory>
    <LastModifiedDate>2021-10-01T11:50:28.523</LastModifiedDate>
    <LastModifiedUser>4EFFC98F46854ABFA36177A564100FD0</LastModifiedUser>
    <LastModifiedUserName>Adam Sawyers</LastModifiedUserName>
  </Category>
  <Category>
    <Identity>
      <Id>EE3E6CC9049D4EE0BCD444A26C1EF452</Id>
      <AutomaticallyPopulate>true</AutomaticallyPopulate>
      <Name>Resistant AI</Name>
    </Identity>
    <Description>Resistant AI</Description>
    <ResourceAccessList>
      <ResourceAccess>
        <ResourceIdentity>
          <Id>9B984CDAB78840AFAB5473929DE58918</Id>
          <AutomaticallyPopulate>true</AutomaticallyPopulate>
          <Name>Sales Engineers</Name>
          <ResourceType>GroupOfWorkers</ResourceType>
          <EmailAddress />
          <UserId />
          <ManagerialLevel>0</ManagerialLevel>
        </ResourceIdentity>
        <AccessType>MaintenanceAccess</AccessType>
        <PermissionType>FullControl</PermissionType>
      </ResourceAccess>
      <ResourceAccess>
        <ResourceIdentity>
          <Id>B4A869511C7A209C250569A39B1EA91B</Id>
          <AutomaticallyPopulate>true</AutomaticallyPopulate>
          <Name>Demo1Admin</Name>
          <ResourceType>Worker</ResourceType>
          <EmailAddress />
          <UserId />
          <ManagerialLevel>0</ManagerialLevel>
        </ResourceIdentity>
        <AccessType>MaintenanceAccess</AccessType>
        <PermissionType>FullControl</PermissionType>
      </ResourceAccess>
      <ResourceAccess>
        <ResourceIdentity>
          <Id>E5814EDC4E704504933DE9B876DEE5D8</Id>
          <AutomaticallyPopulate>true</AutomaticallyPopulate>
          <Name>SE Administrators</Name>
          <ResourceType>GroupOfWorkers</ResourceType>
          <EmailAddress />
          <UserId />
          <ManagerialLevel>0</ManagerialLevel>
        </ResourceIdentity>
        <AccessType>MaintenanceAccess</AccessType>
        <PermissionType>FullControl</PermissionType>
      </ResourceAccess>
    </ResourceAccessList>
    <ParentCategory>
      <Id>93AB955FF7EE48B0A8B9D01D1BC6C513</Id>
      <AutomaticallyPopulate>true</AutomaticallyPopulate>
      <Name />
    </ParentCategory>
    <LastModifiedDate>2021-08-27T16:25:07.783</LastModifiedDate>
    <LastModifiedUser>2C90EEF0FEC5474AA18CFC3B931EDF1B</LastModifiedUser>
    <LastModifiedUserName>Tom Coppock</LastModifiedUserName>
  </Category>
</ArrayOfCategory>